resource_id,benchmark,acquisition_status,archived_comparison_units,old_reviewed_units,old_labeled_parent_units,old_v3_units,new_sampling_omissions,new_dispositions_present,old_R5_restoration_candidates,restoration_dispositions_present,other_archive_units,restoration_eligible_units,restoration_excluded_units,new_resolution_counts,formal_scope_and_exclusion_basis,acquisition_gap,official_source,fixed_source_details,new_artifact,restoration_artifact,old_reviewed_artifact,qualification_scope_note,independent_input_count,scoring_mapping_count
M01,MedEinst,obtained,5383,2500,843,843,2800,2800,0,0,83,,,"{""insufficient_evidence"": 1403, ""classified"": 937, ""invalid_source"": 460}",83无变化母库参照；旧38部分定类父单元目标已另列台账。,,https://huggingface.co/datasets/zhui711/MedEinst,/home/data3/txy/Documents/Codex/2026-09-08/ben-c-h-ma-r-k/medical_cf_collection/parts/clinical_existing/acquisition.json,r1_r5_full_classification_20260910/sources/M01/annotations.jsonl,,/home/data3/txy/Documents/Codex/2026-09-08/ben-c-h-ma-r-k/medical_cf_collection/分析子集.jsonl,本表数值是比较单元；旧v3及旧R5均为旧已审子集不能相加。全来源最终资格须结合旧目标裁决/禁用和新版目标去向；空值不是已验证合格。,not_computed,not_computed
M02,MedPIC-Bench,obtained,183,183,167,167,0,0,0,0,0,,,{},183 CF已收；284 GF为参照，不猜配对；既有缺前态判断沿用。,,https://huggingface.co/datasets/TIM0927/MedPIC-Bench,/home/data3/txy/Documents/Codex/2026-09-08/ben-c-h-ma-r-k/medical_cf_collection/parts/clinical_existing/acquisition.json,,,/home/data3/txy/Documents/Codex/2026-09-08/ben-c-h-ma-r-k/medical_cf_collection/分析子集.jsonl,本表数值是比较单元；旧v3及旧R5均为旧已审子集不能相加。全来源最终资格须结合旧目标裁决/禁用和新版目标去向；空值不是已验证合格。,not_computed,not_computed
M03,MamaBench,not_acquired,0,0,0,0,0,0,0,0,0,,,{},gated病例未取得,gated病例未取得,https://huggingface.co/datasets/HelpMum-Personal/MamaBench,/home/data3/txy/Documents/Codex/2026-09-08/ben-c-h-ma-r-k/medical_cf_collection/parts/new_clinical/acquisition.json,,,,目标输入未取得，不是已审不合格，不进入取得/审阅分母。,not_computed,not_computed
M04,肿瘤临床CF评测,not_acquired,0,0,0,0,0,0,0,0,0,,,{},未定位原病例发布包,未定位原病例发布包,https://arxiv.org/html/2605.30590v1,/home/data3/txy/Documents/Codex/2026-09-08/ben-c-h-ma-r-k/medical_cf_collection/parts/new_clinical/acquisition.json,,,,目标输入未取得，不是已审不合格，不进入取得/审阅分母。,not_computed,not_computed
M05,临床检验因果推理评测,obtained,33,33,30,0,0,0,0,0,0,,,{},33 CF已收；66非CF为参照；新答案原生人工/rubric评分限制保留。,,https://github.com/balubhasuran/LLM_Causality_LabTest,/home/data3/txy/Documents/Codex/2026-09-08/ben-c-h-ma-r-k/medical_cf_collection/parts/new_clinical/acquisition.json,,,/home/data3/txy/Documents/Codex/2026-09-08/ben-c-h-ma-r-k/medical_cf_collection/分析子集.jsonl,本表数值是比较单元；旧v3及旧R5均为旧已审子集不能相加。全来源最终资格须结合旧目标裁决/禁用和新版目标去向；空值不是已验证合格。,not_computed,not_computed
M06,HIV治疗因果情景研究,obtained,20,20,13,13,0,0,0,0,0,,,{},20官方附录CF及页定位已收；原参考可靠性禁用按具体目标沿用。,,https://www.nature.com/articles/s41746-026-02771-7,/home/data3/txy/Documents/Codex/2026-09-08/ben-c-h-ma-r-k/medical_cf_collection/parts/new_clinical/acquisition.json,,,/home/data3/txy/Documents/Codex/2026-09-08/ben-c-h-ma-r-k/medical_cf_collection/分析子集.jsonl,本表数值是比较单元；旧v3及旧R5均为旧已审子集不能相加。全来源最终资格须结合旧目标裁决/禁用和新版目标去向；空值不是已验证合格。,not_computed,not_computed
M07,CLIR-Bench,not_acquired,0,0,0,0,0,0,0,0,0,,,{},指定CF编辑对未发布于所检树,指定CF编辑对未发布于所检树,https://huggingface.co/datasets/winall/CLIR-Bench,/home/data3/txy/Documents/Codex/2026-09-08/ben-c-h-ma-r-k/medical_cf_collection/parts/new_clinical/acquisition.json,,,,目标输入未取得，不是已审不合格，不进入取得/审阅分母。,not_computed,not_computed
M08,ECG-Expert-QA,not_acquired,0,0,0,0,0,0,0,0,0,,,{},MCo固定文件未定位，MC不能替代,MCo固定文件未定位，MC不能替代,https://github.com/Zaozzz/ECG-Expert-QA,/home/data3/txy/Documents/Codex/2026-09-08/ben-c-h-ma-r-k/medical_cf_collection/parts/new_clinical/acquisition.json,,,,目标输入未取得，不是已审不合格，不进入取得/审阅分母。,not_computed,not_computed
M09,GenMedicalEval,not_acquired,0,0,0,0,0,0,0,0,0,,,{},仅栏目文档示例，未取得声明12000条,仅栏目文档示例，未取得声明12000条,https://github.com/MediaBrain-SJTU/GenMedicalEval,/home/data3/txy/Documents/Codex/2026-09-08/ben-c-h-ma-r-k/medical_cf_collection/parts/new_clinical/acquisition.json,,,,目标输入未取得，不是已审不合格，不进入取得/审阅分母。,not_computed,not_computed
M10,CPV-MedQA,obtained,10225,2500,1111,1091,7725,7725,0,0,0,,,"{""classified"": 3585, ""invalid_source"": 3806, ""insufficient_evidence"": 334}",12310发布变体中2085无变化不在实际变化母库；按具体构造与图像资格排除。,,https://huggingface.co/datasets/kenza-ily/medqa-cpv,/home/data3/txy/Documents/Codex/2026-09-08/ben-c-h-ma-r-k/medical_cf_collection/parts/existing_other/acquisition.json,r1_r5_full_classification_20260910/sources/M10/annotations.jsonl,,/home/data3/txy/Documents/Codex/2026-09-08/ben-c-h-ma-r-k/medical_cf_collection/分析子集.jsonl,本表数值是比较单元；旧v3及旧R5均为旧已审子集不能相加。全来源最终资格须结合旧目标裁决/禁用和新版目标去向；空值不是已验证合格。,not_computed,not_computed
M11,Counterfactual Cultural Cues,obtained,1349,1349,1174,67,0,0,1107,1107,0,1098,9,{},1350发布变体中1无变化另存；旧R5复用语义恢复资格。,,https://github.com/HIVE-UofT/Evaluating-Cultural-Cues-Medical-LLMs,/home/data3/txy/Documents/Codex/2026-09-08/ben-c-h-ma-r-k/medical_cf_collection/parts/existing_other/acquisition.json,,r1_r5_full_classification_20260910/deferred_r5/sources/M11/annotations.jsonl,/home/data3/txy/Documents/Codex/2026-09-08/ben-c-h-ma-r-k/medical_cf_collection/分析子集.jsonl,本表数值是比较单元；旧v3及旧R5均为旧已审子集不能相加。全来源最终资格须结合旧目标裁决/禁用和新版目标去向；空值不是已验证合格。,not_computed,not_computed
M12,FairMedQA/AMQA,obtained,4806,4806,4298,134,0,0,4164,4164,0,4149,15,{},801根×6变体，原题/中性题作参照；旧R5资格及原参考禁用传播。,,https://github.com/XY-Showing/AMQA,/home/data3/txy/Documents/Codex/2026-09-08/ben-c-h-ma-r-k/medical_cf_collection/parts/evidence_other/acquisition.json,,r1_r5_full_classification_20260910/deferred_r5/sources/M12/annotations.jsonl,/home/data3/txy/Documents/Codex/2026-09-08/ben-c-h-ma-r-k/medical_cf_collection/分析子集.jsonl,本表数值是比较单元；旧v3及旧R5均为旧已审子集不能相加。全来源最终资格须结合旧目标裁决/禁用和新版目标去向；空值不是已验证合格。,not_computed,not_computed
M13,MedEqualQA,not_acquired,0,0,0,0,0,0,0,0,0,,,{},所检作者仓库未发布题库,所检作者仓库未发布题库,https://aclanthology.org/2025.sciprodllm-1.4/,/home/data3/txy/Documents/Codex/2026-09-08/ben-c-h-ma-r-k/medical_cf_collection/parts/evidence_other/acquisition.json,,,,目标输入未取得，不是已审不合格，不进入取得/审阅分母。,not_computed,not_computed
M14,DiversityMedQA,obtained,6296,2500,2378,2,3796,3796,2376,2376,0,2239,137,"{""classified"": 3498, ""insufficient_evidence"": 177, ""outside_five_labels"": 10, ""invalid_source"": 111}",6380变体中84无变化另存；保留author_train/test；原题精确恢复选项/gold与具体图像排除。,,https://aclanthology.org/2024.nlp4pi-1.29/,/home/data3/txy/Documents/Codex/2026-09-08/ben-c-h-ma-r-k/medical_cf_collection/parts/evidence_other/acquisition.json,r1_r5_full_classification_20260910/sources/M14/annotations.jsonl,r1_r5_full_classification_20260910/deferred_r5/sources/M14/annotations.jsonl,/home/data3/txy/Documents/Codex/2026-09-08/ben-c-h-ma-r-k/medical_cf_collection/分析子集.jsonl,本表数值是比较单元；旧v3及旧R5均为旧已审子集不能相加。全来源最终资格须结合旧目标裁决/禁用和新版目标去向；空值不是已验证合格。,not_computed,not_computed
M15,CLIMB,not_acquired,0,0,0,0,0,0,0,0,0,,,{},未取得固定诊断CF病例对,未取得固定诊断CF病例对,https://github.com/uscnlp-lime/climb,/home/data3/txy/Documents/Codex/2026-09-08/ben-c-h-ma-r-k/medical_cf_collection/parts/evidence_other/acquisition.json,,,,目标输入未取得，不是已审不合格，不进入取得/审阅分母。,not_computed,not_computed
M16,EquityMedQA,obtained,323,323,302,0,0,0,0,0,0,,,{},323官方配对已收；原生新答案人工评分限制；66部分定类父单元目标另列台账。,,https://www.nature.com/articles/s41591-024-03258-2,/home/data3/txy/Documents/Codex/2026-09-08/ben-c-h-ma-r-k/medical_cf_collection/parts/evidence_other/acquisition.json,,,/home/data3/txy/Documents/Codex/2026-09-08/ben-c-h-ma-r-k/medical_cf_collection/分析子集.jsonl,本表数值是比较单元；旧v3及旧R5均为旧已审子集不能相加。全来源最终资格须结合旧目标裁决/禁用和新版目标去向；空值不是已验证合格。,not_computed,not_computed
M17,MedPerturb,obtained,3759,3745,3615,0,0,0,3615,3615,14,3567,48,{},14个原有无变化母库参照；既有VISIT/MANAGE资格恢复3567单元；新发现10个实际无变化控制采用资格覆盖。RESOURCE3615目标已独立判断，3529可测，不增加单元数。,,https://huggingface.co/datasets/abinitha/MedPerturb,/home/data3/txy/Documents/Codex/2026-09-08/ben-c-h-ma-r-k/medical_cf_collection/parts/new_clinical/acquisition.json,,r1_r5_full_classification_20260910/deferred_r5/sources/M17/annotations.jsonl,/home/data3/txy/Documents/Codex/2026-09-08/ben-c-h-ma-r-k/medical_cf_collection/分析子集.jsonl,本表数值是比较单元；旧v3及旧R5均为旧已审子集不能相加。全来源最终资格须结合旧目标裁决/禁用和新版目标去向；空值不是已验证合格。,not_computed,not_computed
M18,DeVisE,not_acquired,0,0,0,0,0,0,0,0,0,,,{},仅生成代码，受限MIMIC病例未取得,仅生成代码，受限MIMIC病例未取得,https://github.com/camztag/DeVisE,/home/data3/txy/Documents/Codex/2026-09-08/ben-c-h-ma-r-k/medical_cf_collection/parts/new_clinical/acquisition.json,,,,目标输入未取得，不是已审不合格，不进入取得/审阅分母。,not_computed,not_computed
M19,MedFuzz,not_acquired,0,0,0,0,0,0,0,0,0,,,{},未取得完整固定攻击输入release,未取得完整固定攻击输入release,https://arxiv.org/html/2406.06573v2,/home/data3/txy/Documents/Codex/2026-09-08/ben-c-h-ma-r-k/medical_cf_collection/parts/evidence_other/acquisition.json,,,,目标输入未取得，不是已审不合格，不进入取得/审阅分母。,not_computed,not_computed
M20,MedCounterFact,obtained,809,809,788,788,0,0,0,0,0,,,{},809替换比较已收；假设证据与现实医学区分；703旧R1/R5重叠不计新增；20部分定类父单元目标另列台账。,,https://github.com/KaijieMo-kj/Counterfactual-Medical-Evidence,/home/data3/txy/Documents/Codex/2026-09-08/ben-c-h-ma-r-k/medical_cf_collection/parts/existing_other/acquisition.json,,,/home/data3/txy/Documents/Codex/2026-09-08/ben-c-h-ma-r-k/medical_cf_collection/分析子集.jsonl,本表数值是比较单元；旧v3及旧R5均为旧已审子集不能相加。全来源最终资格须结合旧目标裁决/禁用和新版目标去向；空值不是已验证合格。,not_computed,not_computed
M21,MediEval,not_acquired,0,0,0,0,0,0,0,0,0,,,{},受限患者上下文/知识源未取得,受限患者上下文/知识源未取得,https://github.com/ZhanQu945/MediEval,/home/data3/txy/Documents/Codex/2026-09-08/ben-c-h-ma-r-k/medical_cf_collection/parts/evidence_other/acquisition.json,,,,目标输入未取得，不是已审不合格，不进入取得/审阅分母。,not_computed,not_computed
M22,MedRGB,obtained,3680,3680,3680,0,0,0,3680,3680,0,3423,257,{},3680组内36800 DOC槽单独计；固定主问与文档定位/纠正内容分开；200长答案目标及具体缺图排除。,,https://arxiv.org/html/2411.09213,/home/data3/txy/Documents/Codex/2026-09-08/ben-c-h-ma-r-k/medical_cf_collection/parts/evidence_other/acquisition.json,,r1_r5_full_classification_20260910/deferred_r5/sources/M22/annotations.jsonl,/home/data3/txy/Documents/Codex/2026-09-08/ben-c-h-ma-r-k/medical_cf_collection/分析子集.jsonl,本表数值是比较单元；旧v3及旧R5均为旧已审子集不能相加。全来源最终资格须结合旧目标裁决/禁用和新版目标去向；空值不是已验证合格。,not_computed,not_computed
M23,BioRAB,obtained,12615,2500,2499,0,10115,10115,2499,2499,0,2496,3,"{""classified"": 10108, ""insufficient_evidence"": 7}",12616发布记录中1无变化另存；双强度重复不算独立病例；原gold冲突禁用。,,https://arxiv.org/html/2405.08151v3,/home/data3/txy/Documents/Codex/2026-09-08/ben-c-h-ma-r-k/medical_cf_collection/parts/evidence_other/acquisition.json,r1_r5_full_classification_20260910/sources/M23/annotations.jsonl,r1_r5_full_classification_20260910/deferred_r5/sources/M23/annotations.jsonl,/home/data3/txy/Documents/Codex/2026-09-08/ben-c-h-ma-r-k/medical_cf_collection/分析子集.jsonl,本表数值是比较单元；旧v3及旧R5均为旧已审子集不能相加。全来源最终资格须结合旧目标裁决/禁用和新版目标去向；空值不是已验证合格。,not_computed,not_computed
M24,MedCF,obtained,4013,798,797,0,0,0,797,797,3215,0,797,{},3215 train/valid实际编辑不补入test；原单项知识编辑步骤未执行，当前方法协议不适用；15原发布无变化另存。,,https://github.com/quqxui/MedLaSA,/home/data3/txy/Documents/Codex/2026-09-08/ben-c-h-ma-r-k/medical_cf_collection/parts/evidence_other/acquisition.json,,r1_r5_full_classification_20260910/deferred_r5/sources/M24/annotations.jsonl,/home/data3/txy/Documents/Codex/2026-09-08/ben-c-h-ma-r-k/medical_cf_collection/分析子集.jsonl,本表数值是比较单元；旧v3及旧R5均为旧已审子集不能相加。全来源最终资格须结合旧目标裁决/禁用和新版目标去向；空值不是已验证合格。,not_computed,not_computed
M25,MedMKEB,obtained,2497,2497,2497,0,0,0,0,0,0,,,{},2497 eval编辑元数据缺图，不能纳入文本评测；train/attack留作来源，不充test。,,https://arxiv.org/html/2508.05083v1,/home/data3/txy/Documents/Codex/2026-09-08/ben-c-h-ma-r-k/medical_cf_collection/parts/evidence_other/acquisition.json,,,/home/data3/txy/Documents/Codex/2026-09-08/ben-c-h-ma-r-k/medical_cf_collection/分析子集.jsonl,本表数值是比较单元；旧v3及旧R5均为旧已审子集不能相加。全来源最终资格须结合旧目标裁决/禁用和新版目标去向；空值不是已验证合格。,not_computed,not_computed
M26,COLLECT,not_acquired,0,0,0,0,0,0,0,0,0,,,{},受限图像包未取得,受限图像包未取得,https://doi.org/10.5683/SP3/KXYCNY,/home/data3/txy/Documents/Codex/2026-09-08/ben-c-h-ma-r-k/medical_cf_collection/parts/evidence_other/acquisition.json,,,,目标输入未取得，不是已审不合格，不进入取得/审阅分母。,not_computed,not_computed
