panel,method,seed,request_id,family_id,source,answer_format,F_path,output_disagreement_type,clinical_evidence_conflict_type,native_mapping_count,gold_keys,gold_mapping_conflict,old_candidate_keys,old_candidate_observations,old_invalid_observations,baseline_key,new_key,baseline_correct,old_F_correct,old_pool_has_joint_correct_key,old_pool_has_correct_but_F_wrong,old_pool_lacks_correct_key,new_correct,repair,harm,retained_correct,retained_wrong,new_correct_first_in_pool,harm_to_old_pool_wrong_key,harm_to_new_wrong_key,union_old_plus_this_seed_has_correct,new_key_in_old_pool,auxiliary_values_identical,auxiliary_fields,has_document_detection,baseline_document_detection_if_scored_exact,baseline_document_detection_recorded,new_document_detection_exact,new_model_requests,input_tokens,output_tokens
historical121,M4,42,d00007,M14:exact_source_text:749,M14,single,full_native_key_maj5_absolute_majority_stop,majority_with_minority_votes,unknown_not_assessed,1,"[""D""]",False,"[""A"", ""D""]",4,0,A,A,False,False,True,True,False,False,False,False,False,True,False,False,False,True,True,True,[],False,False,False,False,1,2422,85
historical121,M4,43,d00007,M14:exact_source_text:749,M14,single,full_native_key_maj5_absolute_majority_stop,majority_with_minority_votes,unknown_not_assessed,1,"[""D""]",False,"[""A"", ""D""]",4,0,A,A,False,False,True,True,False,False,False,False,False,True,False,False,False,True,True,True,[],False,False,False,False,1,2422,65
historical121,M4,44,d00007,M14:exact_source_text:749,M14,single,full_native_key_maj5_absolute_majority_stop,majority_with_minority_votes,unknown_not_assessed,1,"[""D""]",False,"[""A"", ""D""]",4,0,A,A,False,False,True,True,False,False,False,False,False,True,False,False,False,True,True,True,[],False,False,False,False,1,2422,87
historical121,M4,42,d00014,M20:22,M20,relation,full_native_key_maj5_absolute_majority_stop,majority_with_minority_votes,unknown_not_assessed,1,"[""higher""]",False,"[""higher"", ""uncertainty""]",4,0,higher,higher,True,True,True,False,False,True,False,False,True,False,False,False,False,True,True,True,[],False,False,False,False,1,59491,66
historical121,M4,43,d00014,M20:22,M20,relation,full_native_key_maj5_absolute_majority_stop,majority_with_minority_votes,unknown_not_assessed,1,"[""higher""]",False,"[""higher"", ""uncertainty""]",4,0,higher,higher,True,True,True,False,False,True,False,False,True,False,False,False,False,True,True,True,[],False,False,False,False,1,59491,186
historical121,M4,44,d00014,M20:22,M20,relation,full_native_key_maj5_absolute_majority_stop,majority_with_minority_votes,unknown_not_assessed,1,"[""higher""]",False,"[""higher"", ""uncertainty""]",4,0,higher,higher,True,True,True,False,False,True,False,False,True,False,False,False,False,True,True,True,[],False,False,False,False,1,59491,184
historical121,M4,42,d00015,M14:exact_source_text:936,M14,single,full_native_key_maj5_absolute_majority_stop,majority_with_minority_votes,unknown_not_assessed,1,"[""C""]",False,"[""A"", ""B"", ""D""]",5,0,D,A,False,False,False,False,True,False,False,False,False,True,False,False,False,False,True,True,[],False,False,False,False,1,3022,136
historical121,M4,43,d00015,M14:exact_source_text:936,M14,single,full_native_key_maj5_absolute_majority_stop,majority_with_minority_votes,unknown_not_assessed,1,"[""C""]",False,"[""A"", ""B"", ""D""]",5,0,D,A,False,False,False,False,True,False,False,False,False,True,False,False,False,False,True,True,[],False,False,False,False,1,3022,97
historical121,M4,44,d00015,M14:exact_source_text:936,M14,single,full_native_key_maj5_absolute_majority_stop,majority_with_minority_votes,unknown_not_assessed,1,"[""C""]",False,"[""A"", ""B"", ""D""]",5,0,D,D,False,False,False,False,True,False,False,False,False,True,False,False,False,False,True,True,[],False,False,False,False,1,3022,105
historical121,M4,42,d00016,M12:648,M12,single,full_native_key_maj5_absolute_majority_stop,majority_with_minority_votes,unknown_not_assessed,2,"[""B"", ""B""]",False,"[""A"", ""B""]",5,0,B,B,True,True,True,False,False,True,False,False,True,False,False,False,False,True,True,True,[],False,False,False,False,1,2307,89
historical121,M4,43,d00016,M12:648,M12,single,full_native_key_maj5_absolute_majority_stop,majority_with_minority_votes,unknown_not_assessed,2,"[""B"", ""B""]",False,"[""A"", ""B""]",5,0,B,B,True,True,True,False,False,True,False,False,True,False,False,False,False,True,True,True,[],False,False,False,False,1,2307,86
historical121,M4,44,d00016,M12:648,M12,single,full_native_key_maj5_absolute_majority_stop,majority_with_minority_votes,unknown_not_assessed,2,"[""B"", ""B""]",False,"[""A"", ""B""]",5,0,B,B,True,True,True,False,False,True,False,False,True,False,False,False,False,True,True,True,[],False,False,False,False,1,2307,166
historical121,M4,42,d00028,M12:725,M12,single,full_native_key_maj5_absolute_majority_stop,majority_with_minority_votes,unknown_not_assessed,1,"[""D""]",False,"[""D"", ""C""]",5,0,D,C,True,True,True,False,False,False,False,True,False,False,False,True,False,True,True,True,[],False,False,False,False,1,3268,84
historical121,M4,43,d00028,M12:725,M12,single,full_native_key_maj5_absolute_majority_stop,majority_with_minority_votes,unknown_not_assessed,1,"[""D""]",False,"[""D"", ""C""]",5,0,D,C,True,True,True,False,False,False,False,True,False,False,False,True,False,True,True,True,[],False,False,False,False,1,3268,105
historical121,M4,44,d00028,M12:725,M12,single,full_native_key_maj5_absolute_majority_stop,majority_with_minority_votes,unknown_not_assessed,1,"[""D""]",False,"[""D"", ""C""]",5,0,D,D,True,True,True,False,False,True,False,False,True,False,False,False,False,True,True,True,[],False,False,False,False,1,3268,111
historical121,M4,42,d00030,M11:126,M11,single,full_native_key_maj5_absolute_majority_stop,majority_with_minority_votes,unknown_not_assessed,1,"[""A""]",False,"[""E"", ""C""]",4,0,E,E,False,False,False,False,True,False,False,False,False,True,False,False,False,False,True,True,[],False,False,False,False,1,3636,105
historical121,M4,43,d00030,M11:126,M11,single,full_native_key_maj5_absolute_majority_stop,majority_with_minority_votes,unknown_not_assessed,1,"[""A""]",False,"[""E"", ""C""]",4,0,E,E,False,False,False,False,True,False,False,False,False,True,False,False,False,False,True,True,[],False,False,False,False,1,3636,84
historical121,M4,44,d00030,M11:126,M11,single,full_native_key_maj5_absolute_majority_stop,majority_with_minority_votes,unknown_not_assessed,1,"[""A""]",False,"[""E"", ""C""]",4,0,E,E,False,False,False,False,True,False,False,False,False,True,False,False,False,False,True,True,[],False,False,False,False,1,3636,62
historical121,M4,42,d00032,M14:exact_source_text:555,M14,single,full_native_key_maj5_absolute_majority_stop,majority_with_minority_votes,unknown_not_assessed,1,"[""A""]",False,"[""D"", ""B"", ""A""]",5,0,D,A,False,False,True,True,False,True,True,False,False,False,False,False,False,True,True,True,[],False,False,False,False,1,2982,136
historical121,M4,43,d00032,M14:exact_source_text:555,M14,single,full_native_key_maj5_absolute_majority_stop,majority_with_minority_votes,unknown_not_assessed,1,"[""A""]",False,"[""D"", ""B"", ""A""]",5,0,D,A,False,False,True,True,False,True,True,False,False,False,False,False,False,True,True,True,[],False,False,False,False,1,2982,52
historical121,M4,44,d00032,M14:exact_source_text:555,M14,single,full_native_key_maj5_absolute_majority_stop,majority_with_minority_votes,unknown_not_assessed,1,"[""A""]",False,"[""D"", ""B"", ""A""]",5,0,D,A,False,False,True,True,False,True,True,False,False,False,False,False,False,True,True,True,[],False,False,False,False,1,2982,104
historical121,M4,42,d00033,M17:usmle_derm_327,M17,single,full_native_key_maj5_absolute_majority_stop,majority_with_minority_votes,unknown_not_assessed,1,"[""yes""]",False,"[""no"", ""yes""]",5,0,yes,yes,True,True,True,False,False,True,False,False,True,False,False,False,False,True,True,True,[],False,False,False,False,1,2825,82
historical121,M4,43,d00033,M17:usmle_derm_327,M17,single,full_native_key_maj5_absolute_majority_stop,majority_with_minority_votes,unknown_not_assessed,1,"[""yes""]",False,"[""no"", ""yes""]",5,0,yes,yes,True,True,True,False,False,True,False,False,True,False,False,False,False,True,True,True,[],False,False,False,False,1,2825,127
historical121,M4,44,d00033,M17:usmle_derm_327,M17,single,full_native_key_maj5_absolute_majority_stop,majority_with_minority_votes,unknown_not_assessed,1,"[""yes""]",False,"[""no"", ""yes""]",5,0,yes,no,True,True,True,False,False,False,False,True,False,False,False,True,False,True,True,True,[],False,False,False,False,1,2825,82
historical121,M4,42,d00041,M23:BioNLI:exact_context:2298,M23,single,full_nli_equal_paths_native_completion,mapping_top1_disagreement,unknown_not_assessed,1,"[""negative""]",False,"[""positive"", ""negative""]",4,0,negative,negative,True,True,True,False,False,True,False,False,True,False,False,False,False,True,True,True,[],False,False,False,False,1,6535,115
historical121,M4,43,d00041,M23:BioNLI:exact_context:2298,M23,single,full_nli_equal_paths_native_completion,mapping_top1_disagreement,unknown_not_assessed,1,"[""negative""]",False,"[""positive"", ""negative""]",4,0,negative,negative,True,True,True,False,False,True,False,False,True,False,False,False,False,True,True,True,[],False,False,False,False,1,6535,138
historical121,M4,44,d00041,M23:BioNLI:exact_context:2298,M23,single,full_nli_equal_paths_native_completion,mapping_top1_disagreement,unknown_not_assessed,1,"[""negative""]",False,"[""positive"", ""negative""]",4,0,negative,negative,True,True,True,False,False,True,False,False,True,False,False,False,False,True,True,True,[],False,False,False,False,1,6535,118
historical121,M4,42,d00054,M14:exact_source_text:936,M14,single,full_native_key_maj5_absolute_majority_stop,majority_with_minority_votes,unknown_not_assessed,1,"[""C""]",False,"[""D"", ""A"", ""C""]",5,0,D,A,False,False,True,True,False,False,False,False,False,True,False,False,False,True,True,True,[],False,False,False,False,1,2625,84
historical121,M4,43,d00054,M14:exact_source_text:936,M14,single,full_native_key_maj5_absolute_majority_stop,majority_with_minority_votes,unknown_not_assessed,1,"[""C""]",False,"[""D"", ""A"", ""C""]",5,0,D,A,False,False,True,True,False,False,False,False,False,True,False,False,False,True,True,True,[],False,False,False,False,1,2625,140
historical121,M4,44,d00054,M14:exact_source_text:936,M14,single,full_native_key_maj5_absolute_majority_stop,majority_with_minority_votes,unknown_not_assessed,1,"[""C""]",False,"[""D"", ""A"", ""C""]",5,0,D,D,False,False,True,True,False,False,False,False,False,True,False,False,False,True,True,True,[],False,False,False,False,1,2625,125
historical121,M4,42,d00060,M12:725,M12,single,full_native_key_maj5_absolute_majority_stop,majority_with_minority_votes,unknown_not_assessed,1,"[""D""]",False,"[""C"", ""A""]",4,0,C,C,False,False,False,False,True,False,False,False,False,True,False,False,False,False,True,True,[],False,False,False,False,1,3778,59
historical121,M4,43,d00060,M12:725,M12,single,full_native_key_maj5_absolute_majority_stop,majority_with_minority_votes,unknown_not_assessed,1,"[""D""]",False,"[""C"", ""A""]",4,0,C,C,False,False,False,False,True,False,False,False,False,True,False,False,False,False,True,True,[],False,False,False,False,1,3778,112
historical121,M4,44,d00060,M12:725,M12,single,full_native_key_maj5_absolute_majority_stop,majority_with_minority_votes,unknown_not_assessed,1,"[""D""]",False,"[""C"", ""A""]",4,0,C,C,False,False,False,False,True,False,False,False,False,True,False,False,False,False,True,True,[],False,False,False,False,1,3778,125
historical121,M4,42,d00063,M20:22,M20,relation,full_native_key_maj5_absolute_majority_stop,majority_with_minority_votes,unknown_not_assessed,1,"[""higher""]",False,"[""higher"", ""uncertainty""]",4,0,uncertainty,higher,False,False,True,True,False,True,True,False,False,False,False,False,False,True,True,True,[],False,False,False,False,1,60183,95
historical121,M4,43,d00063,M20:22,M20,relation,full_native_key_maj5_absolute_majority_stop,majority_with_minority_votes,unknown_not_assessed,1,"[""higher""]",False,"[""higher"", ""uncertainty""]",4,0,uncertainty,uncertainty,False,False,True,True,False,False,False,False,False,True,False,False,False,True,True,True,[],False,False,False,False,1,60183,112
historical121,M4,44,d00063,M20:22,M20,relation,full_native_key_maj5_absolute_majority_stop,majority_with_minority_votes,unknown_not_assessed,1,"[""higher""]",False,"[""higher"", ""uncertainty""]",4,0,uncertainty,higher,False,False,True,True,False,True,True,False,False,False,False,False,False,True,True,True,[],False,False,False,False,1,60183,224
historical121,M4,42,d00065,M14:exact_source_text:749,M14,single,full_native_key_maj5_absolute_majority_stop,majority_with_minority_votes,unknown_not_assessed,1,"[""D""]",False,"[""A"", ""C""]",5,0,C,A,False,False,False,False,True,False,False,False,False,True,False,False,False,False,True,True,[],False,False,False,False,1,2774,70
historical121,M4,43,d00065,M14:exact_source_text:749,M14,single,full_native_key_maj5_absolute_majority_stop,majority_with_minority_votes,unknown_not_assessed,1,"[""D""]",False,"[""A"", ""C""]",5,0,C,A,False,False,False,False,True,False,False,False,False,True,False,False,False,False,True,True,[],False,False,False,False,1,2774,139
historical121,M4,44,d00065,M14:exact_source_text:749,M14,single,full_native_key_maj5_absolute_majority_stop,majority_with_minority_votes,unknown_not_assessed,1,"[""D""]",False,"[""A"", ""C""]",5,0,C,A,False,False,False,False,True,False,False,False,False,True,False,False,False,False,True,True,[],False,False,False,False,1,2774,87
historical121,M4,42,d00069,M23:BioNLI:exact_context:2298,M23,single,full_nli_equal_paths_native_completion,mapping_top1_disagreement,unknown_not_assessed,1,"[""negative""]",False,"[""negative"", ""positive""]",4,0,negative,negative,True,True,True,False,False,True,False,False,True,False,False,False,False,True,True,True,[],False,False,False,False,1,6167,97
historical121,M4,43,d00069,M23:BioNLI:exact_context:2298,M23,single,full_nli_equal_paths_native_completion,mapping_top1_disagreement,unknown_not_assessed,1,"[""negative""]",False,"[""negative"", ""positive""]",4,0,negative,negative,True,True,True,False,False,True,False,False,True,False,False,False,False,True,True,True,[],False,False,False,False,1,6167,148
historical121,M4,44,d00069,M23:BioNLI:exact_context:2298,M23,single,full_nli_equal_paths_native_completion,mapping_top1_disagreement,unknown_not_assessed,1,"[""negative""]",False,"[""negative"", ""positive""]",4,0,negative,negative,True,True,True,False,False,True,False,False,True,False,False,False,False,True,True,True,[],False,False,False,False,1,6167,87
historical121,M4,42,d00076,M11:126,M11,single,full_native_key_maj5_absolute_majority_stop,majority_with_minority_votes,unknown_not_assessed,1,"[""A""]",False,"[""E"", ""C""]",4,0,E,E,False,False,False,False,True,False,False,False,False,True,False,False,False,False,True,True,[],False,False,False,False,1,3650,91
historical121,M4,43,d00076,M11:126,M11,single,full_native_key_maj5_absolute_majority_stop,majority_with_minority_votes,unknown_not_assessed,1,"[""A""]",False,"[""E"", ""C""]",4,0,E,E,False,False,False,False,True,False,False,False,False,True,False,False,False,False,True,True,[],False,False,False,False,1,3650,89
historical121,M4,44,d00076,M11:126,M11,single,full_native_key_maj5_absolute_majority_stop,majority_with_minority_votes,unknown_not_assessed,1,"[""A""]",False,"[""E"", ""C""]",4,0,E,E,False,False,False,False,True,False,False,False,False,True,False,False,False,False,True,True,[],False,False,False,False,1,3650,62
historical121,M4,42,d00082,M11:126,M11,single,full_native_key_maj5_absolute_majority_stop,majority_with_minority_votes,unknown_not_assessed,1,"[""A""]",False,"[""E"", ""C""]",4,0,E,E,False,False,False,False,True,False,False,False,False,True,False,False,False,False,True,True,[],False,False,False,False,1,3047,63
historical121,M4,43,d00082,M11:126,M11,single,full_native_key_maj5_absolute_majority_stop,majority_with_minority_votes,unknown_not_assessed,1,"[""A""]",False,"[""E"", ""C""]",4,0,E,E,False,False,False,False,True,False,False,False,False,True,False,False,False,False,True,True,[],False,False,False,False,1,3047,98
historical121,M4,44,d00082,M11:126,M11,single,full_native_key_maj5_absolute_majority_stop,majority_with_minority_votes,unknown_not_assessed,1,"[""A""]",False,"[""E"", ""C""]",4,0,E,E,False,False,False,False,True,False,False,False,False,True,False,False,False,False,True,True,[],False,False,False,False,1,3047,53
historical121,M4,42,d00087,M11:141,M11,single,full_native_key_maj5_absolute_majority_stop,majority_with_minority_votes,unknown_not_assessed,1,"[""B""]",False,"[""B"", ""C""]",4,0,B,B,True,True,True,False,False,True,False,False,True,False,False,False,False,True,True,True,[],False,False,False,False,1,2438,112
historical121,M4,43,d00087,M11:141,M11,single,full_native_key_maj5_absolute_majority_stop,majority_with_minority_votes,unknown_not_assessed,1,"[""B""]",False,"[""B"", ""C""]",4,0,B,B,True,True,True,False,False,True,False,False,True,False,False,False,False,True,True,True,[],False,False,False,False,1,2438,53
historical121,M4,44,d00087,M11:141,M11,single,full_native_key_maj5_absolute_majority_stop,majority_with_minority_votes,unknown_not_assessed,1,"[""B""]",False,"[""B"", ""C""]",4,0,B,B,True,True,True,False,False,True,False,False,True,False,False,False,False,True,True,True,[],False,False,False,False,1,2438,160
historical121,M4,42,d00088,M20:6,M20,relation,full_native_key_maj5_absolute_majority_stop,majority_with_minority_votes,unknown_not_assessed,1,"[""no difference""]",False,"[""no difference"", ""uncertainty""]",4,0,no difference,no difference,True,True,True,False,False,True,False,False,True,False,False,False,False,True,True,True,[],False,False,False,False,1,7416,109
historical121,M4,43,d00088,M20:6,M20,relation,full_native_key_maj5_absolute_majority_stop,majority_with_minority_votes,unknown_not_assessed,1,"[""no difference""]",False,"[""no difference"", ""uncertainty""]",4,0,no difference,no difference,True,True,True,False,False,True,False,False,True,False,False,False,False,True,True,True,[],False,False,False,False,1,7416,160
historical121,M4,44,d00088,M20:6,M20,relation,full_native_key_maj5_absolute_majority_stop,majority_with_minority_votes,unknown_not_assessed,1,"[""no difference""]",False,"[""no difference"", ""uncertainty""]",4,0,no difference,no difference,True,True,True,False,False,True,False,False,True,False,False,False,False,True,True,True,[],False,False,False,False,1,7416,204
historical121,M4,42,d00089,M12:12,M12,single,full_native_key_maj5_absolute_majority_stop,majority_with_minority_votes,unknown_not_assessed,1,"[""D""]",False,"[""B"", ""A""]",5,0,A,B,False,False,False,False,True,False,False,False,False,True,False,False,False,False,True,True,[],False,False,False,False,1,2586,183
historical121,M4,43,d00089,M12:12,M12,single,full_native_key_maj5_absolute_majority_stop,majority_with_minority_votes,unknown_not_assessed,1,"[""D""]",False,"[""B"", ""A""]",5,0,A,B,False,False,False,False,True,False,False,False,False,True,False,False,False,False,True,True,[],False,False,False,False,1,2586,87
historical121,M4,44,d00089,M12:12,M12,single,full_native_key_maj5_absolute_majority_stop,majority_with_minority_votes,unknown_not_assessed,1,"[""D""]",False,"[""B"", ""A""]",5,0,A,B,False,False,False,False,True,False,False,False,False,True,False,False,False,False,True,True,[],False,False,False,False,1,2586,109
historical121,M4,42,d00091,M23:BioNLI:exact_context:1899,M23,single,full_nli_equal_paths_native_completion,direct_reasoned_mean_disagreement,unknown_not_assessed,1,"[""positive""]",False,"[""positive"", ""negative""]",4,0,positive,positive,True,True,True,False,False,True,False,False,True,False,False,False,False,True,True,True,[],False,False,False,False,1,5453,79
historical121,M4,43,d00091,M23:BioNLI:exact_context:1899,M23,single,full_nli_equal_paths_native_completion,direct_reasoned_mean_disagreement,unknown_not_assessed,1,"[""positive""]",False,"[""positive"", ""negative""]",4,0,positive,positive,True,True,True,False,False,True,False,False,True,False,False,False,False,True,True,True,[],False,False,False,False,1,5453,74
historical121,M4,44,d00091,M23:BioNLI:exact_context:1899,M23,single,full_nli_equal_paths_native_completion,direct_reasoned_mean_disagreement,unknown_not_assessed,1,"[""positive""]",False,"[""positive"", ""negative""]",4,0,positive,positive,True,True,True,False,False,True,False,False,True,False,False,False,False,True,True,True,[],False,False,False,False,1,5453,44
historical121,M4,42,d00094,M20:6,M20,relation,full_native_key_maj5_absolute_majority_stop,majority_with_minority_votes,unknown_not_assessed,1,"[""no difference""]",False,"[""no difference"", ""uncertainty""]",5,0,no difference,no difference,True,True,True,False,False,True,False,False,True,False,False,False,False,True,True,True,[],False,False,False,False,1,6618,112
historical121,M4,43,d00094,M20:6,M20,relation,full_native_key_maj5_absolute_majority_stop,majority_with_minority_votes,unknown_not_assessed,1,"[""no difference""]",False,"[""no difference"", ""uncertainty""]",5,0,no difference,no difference,True,True,True,False,False,True,False,False,True,False,False,False,False,True,True,True,[],False,False,False,False,1,6618,117
historical121,M4,44,d00094,M20:6,M20,relation,full_native_key_maj5_absolute_majority_stop,majority_with_minority_votes,unknown_not_assessed,1,"[""no difference""]",False,"[""no difference"", ""uncertainty""]",5,0,no difference,no difference,True,True,True,False,False,True,False,False,True,False,False,False,False,True,True,True,[],False,False,False,False,1,6618,176
historical121,M4,42,d00101,M14:exact_source_text:555,M14,single,full_native_key_maj5_absolute_majority_stop,tied_vote_leaders,unknown_not_assessed,1,"[""A""]",False,"[""B"", ""A"", ""D""]",5,0,B,A,False,False,True,True,False,True,True,False,False,False,False,False,False,True,True,True,[],False,False,False,False,1,3307,182
historical121,M4,43,d00101,M14:exact_source_text:555,M14,single,full_native_key_maj5_absolute_majority_stop,tied_vote_leaders,unknown_not_assessed,1,"[""A""]",False,"[""B"", ""A"", ""D""]",5,0,B,A,False,False,True,True,False,True,True,False,False,False,False,False,False,True,True,True,[],False,False,False,False,1,3307,88
historical121,M4,44,d00101,M14:exact_source_text:555,M14,single,full_native_key_maj5_absolute_majority_stop,tied_vote_leaders,unknown_not_assessed,1,"[""A""]",False,"[""B"", ""A"", ""D""]",5,0,B,D,False,False,True,True,False,False,False,False,False,True,False,False,False,True,True,True,[],False,False,False,False,1,3307,123
historical121,M4,42,d00107,M11:126,M11,single,full_native_key_maj5_absolute_majority_stop,majority_with_minority_votes,unknown_not_assessed,1,"[""A""]",False,"[""C"", ""E""]",4,0,C,E,False,False,False,False,True,False,False,False,False,True,False,False,False,False,True,True,[],False,False,False,False,1,3097,63
historical121,M4,43,d00107,M11:126,M11,single,full_native_key_maj5_absolute_majority_stop,majority_with_minority_votes,unknown_not_assessed,1,"[""A""]",False,"[""C"", ""E""]",4,0,C,E,False,False,False,False,True,False,False,False,False,True,False,False,False,False,True,True,[],False,False,False,False,1,3097,101
historical121,M4,44,d00107,M11:126,M11,single,full_native_key_maj5_absolute_majority_stop,majority_with_minority_votes,unknown_not_assessed,1,"[""A""]",False,"[""C"", ""E""]",4,0,C,E,False,False,False,False,True,False,False,False,False,True,False,False,False,False,True,True,[],False,False,False,False,1,3097,89
historical121,M4,42,d00109,M12:54,M12,single,full_native_key_maj5_absolute_majority_stop,majority_with_minority_votes,unknown_not_assessed,1,"[""C""]",False,"[""C"", ""A""]",4,0,C,C,True,True,True,False,False,True,False,False,True,False,False,False,False,True,True,True,[],False,False,False,False,1,2768,81
historical121,M4,43,d00109,M12:54,M12,single,full_native_key_maj5_absolute_majority_stop,majority_with_minority_votes,unknown_not_assessed,1,"[""C""]",False,"[""C"", ""A""]",4,0,C,C,True,True,True,False,False,True,False,False,True,False,False,False,False,True,True,True,[],False,False,False,False,1,2768,40
historical121,M4,44,d00109,M12:54,M12,single,full_native_key_maj5_absolute_majority_stop,majority_with_minority_votes,unknown_not_assessed,1,"[""C""]",False,"[""C"", ""A""]",4,0,C,C,True,True,True,False,False,True,False,False,True,False,False,False,False,True,True,True,[],False,False,False,False,1,2768,90
historical121,M4,42,d00110,M12:648,M12,single,full_native_key_maj5_absolute_majority_stop,majority_with_minority_votes,unknown_not_assessed,1,"[""B""]",False,"[""B"", ""A""]",4,0,A,B,False,False,True,True,False,True,True,False,False,False,False,False,False,True,True,True,[],False,False,False,False,1,2884,112
historical121,M4,43,d00110,M12:648,M12,single,full_native_key_maj5_absolute_majority_stop,majority_with_minority_votes,unknown_not_assessed,1,"[""B""]",False,"[""B"", ""A""]",4,0,A,B,False,False,True,True,False,True,True,False,False,False,False,False,False,True,True,True,[],False,False,False,False,1,2884,104
historical121,M4,44,d00110,M12:648,M12,single,full_native_key_maj5_absolute_majority_stop,majority_with_minority_votes,unknown_not_assessed,1,"[""B""]",False,"[""B"", ""A""]",4,0,A,B,False,False,True,True,False,True,True,False,False,False,False,False,False,True,True,True,[],False,False,False,False,1,2884,155
historical121,M4,42,d00114,M11:126,M11,single,full_native_key_maj5_absolute_majority_stop,majority_with_minority_votes,unknown_not_assessed,1,"[""A""]",False,"[""A"", ""C""]",4,0,C,C,False,False,True,True,False,False,False,False,False,True,False,False,False,True,True,True,[],False,False,False,False,1,3149,84
historical121,M4,43,d00114,M11:126,M11,single,full_native_key_maj5_absolute_majority_stop,majority_with_minority_votes,unknown_not_assessed,1,"[""A""]",False,"[""A"", ""C""]",4,0,C,E,False,False,True,True,False,False,False,False,False,True,False,False,False,True,False,True,[],False,False,False,False,1,3149,79
historical121,M4,44,d00114,M11:126,M11,single,full_native_key_maj5_absolute_majority_stop,majority_with_minority_votes,unknown_not_assessed,1,"[""A""]",False,"[""A"", ""C""]",4,0,C,C,False,False,True,True,False,False,False,False,False,True,False,False,False,True,True,True,[],False,False,False,False,1,3149,127
historical121,M4,42,d00116,M11:126,M11,single,full_native_key_maj5_absolute_majority_stop,majority_with_minority_votes,unknown_not_assessed,1,"[""A""]",False,"[""C"", ""E"", ""A""]",5,0,C,C,False,False,True,True,False,False,False,False,False,True,False,False,False,True,True,True,[],False,False,False,False,1,3047,60
historical121,M4,43,d00116,M11:126,M11,single,full_native_key_maj5_absolute_majority_stop,majority_with_minority_votes,unknown_not_assessed,1,"[""A""]",False,"[""C"", ""E"", ""A""]",5,0,C,E,False,False,True,True,False,False,False,False,False,True,False,False,False,True,True,True,[],False,False,False,False,1,3047,89
historical121,M4,44,d00116,M11:126,M11,single,full_native_key_maj5_absolute_majority_stop,majority_with_minority_votes,unknown_not_assessed,1,"[""A""]",False,"[""C"", ""E"", ""A""]",5,0,C,C,False,False,True,True,False,False,False,False,False,True,False,False,False,True,True,True,[],False,False,False,False,1,3047,152
historical121,M4,42,d00120,M12:758,M12,single,full_native_key_maj5_absolute_majority_stop,majority_with_minority_votes,unknown_not_assessed,1,"[""A""]",False,"[""D"", ""A""]",5,0,A,D,True,True,True,False,False,False,False,True,False,False,False,True,False,True,True,True,[],False,False,False,False,1,2725,59
historical121,M4,43,d00120,M12:758,M12,single,full_native_key_maj5_absolute_majority_stop,majority_with_minority_votes,unknown_not_assessed,1,"[""A""]",False,"[""D"", ""A""]",5,0,A,D,True,True,True,False,False,False,False,True,False,False,False,True,False,True,True,True,[],False,False,False,False,1,2725,45
historical121,M4,44,d00120,M12:758,M12,single,full_native_key_maj5_absolute_majority_stop,majority_with_minority_votes,unknown_not_assessed,1,"[""A""]",False,"[""D"", ""A""]",5,0,A,D,True,True,True,False,False,False,False,True,False,False,False,True,False,True,True,True,[],False,False,False,False,1,2725,75
historical121,M5,42,d00006,M17:usmle_derm_991,M17,single,full_native_key_maj5_absolute_majority_stop,majority_with_minority_votes,unknown_not_assessed,1,"[""yes""]",False,"[""no"", ""yes""]",4,0,yes,yes,True,True,True,False,False,True,False,False,True,False,False,False,False,True,True,True,[],False,False,False,False,1,2109,91
historical121,M5,43,d00006,M17:usmle_derm_991,M17,single,full_native_key_maj5_absolute_majority_stop,majority_with_minority_votes,unknown_not_assessed,1,"[""yes""]",False,"[""no"", ""yes""]",4,0,yes,yes,True,True,True,False,False,True,False,False,True,False,False,False,False,True,True,True,[],False,False,False,False,1,2109,112
historical121,M5,44,d00006,M17:usmle_derm_991,M17,single,full_native_key_maj5_absolute_majority_stop,majority_with_minority_votes,unknown_not_assessed,1,"[""yes""]",False,"[""no"", ""yes""]",4,0,yes,yes,True,True,True,False,False,True,False,False,True,False,False,False,False,True,True,True,[],False,False,False,False,1,2109,125
historical121,M5,42,d00015,M14:exact_source_text:936,M14,single,full_native_key_maj5_absolute_majority_stop,majority_with_minority_votes,unknown_not_assessed,1,"[""C""]",False,"[""B"", ""C""]",4,0,B,C,False,False,True,True,False,True,True,False,False,False,False,False,False,True,True,True,[],False,False,False,False,1,2716,137
historical121,M5,43,d00015,M14:exact_source_text:936,M14,single,full_native_key_maj5_absolute_majority_stop,majority_with_minority_votes,unknown_not_assessed,1,"[""C""]",False,"[""B"", ""C""]",4,0,B,C,False,False,True,True,False,True,True,False,False,False,False,False,False,True,True,True,[],False,False,False,False,1,2716,198
historical121,M5,44,d00015,M14:exact_source_text:936,M14,single,full_native_key_maj5_absolute_majority_stop,majority_with_minority_votes,unknown_not_assessed,1,"[""C""]",False,"[""B"", ""C""]",4,0,B,C,False,False,True,True,False,True,True,False,False,False,False,False,False,True,True,True,[],False,False,False,False,1,2716,118
historical121,M5,42,d00017,M12:725,M12,single,full_native_key_maj5_absolute_majority_stop,majority_with_minority_votes,unknown_not_assessed,1,"[""D""]",False,"[""C"", ""D"", ""A""]",5,0,D,D,True,True,True,False,False,True,False,False,True,False,False,False,False,True,True,True,[],False,False,False,False,1,3594,94
historical121,M5,43,d00017,M12:725,M12,single,full_native_key_maj5_absolute_majority_stop,majority_with_minority_votes,unknown_not_assessed,1,"[""D""]",False,"[""C"", ""D"", ""A""]",5,0,D,D,True,True,True,False,False,True,False,False,True,False,False,False,False,True,True,True,[],False,False,False,False,1,3594,121
historical121,M5,44,d00017,M12:725,M12,single,full_native_key_maj5_absolute_majority_stop,majority_with_minority_votes,unknown_not_assessed,1,"[""D""]",False,"[""C"", ""D"", ""A""]",5,0,D,D,True,True,True,False,False,True,False,False,True,False,False,False,False,True,True,True,[],False,False,False,False,1,3594,100
historical121,M5,42,d00028,M12:725,M12,single,full_native_key_maj5_absolute_majority_stop,majority_with_minority_votes,unknown_not_assessed,1,"[""D""]",False,"[""D"", ""C""]",4,0,D,D,True,True,True,False,False,True,False,False,True,False,False,False,False,True,True,True,[],False,False,False,False,1,3121,97
historical121,M5,43,d00028,M12:725,M12,single,full_native_key_maj5_absolute_majority_stop,majority_with_minority_votes,unknown_not_assessed,1,"[""D""]",False,"[""D"", ""C""]",4,0,D,D,True,True,True,False,False,True,False,False,True,False,False,False,False,True,True,True,[],False,False,False,False,1,3121,93
historical121,M5,44,d00028,M12:725,M12,single,full_native_key_maj5_absolute_majority_stop,majority_with_minority_votes,unknown_not_assessed,1,"[""D""]",False,"[""D"", ""C""]",4,0,D,D,True,True,True,False,False,True,False,False,True,False,False,False,False,True,True,True,[],False,False,False,False,1,3121,104
historical121,M5,42,d00030,M11:126,M11,single,full_native_key_maj5_absolute_majority_stop,majority_with_minority_votes,unknown_not_assessed,1,"[""A""]",False,"[""E"", ""D""]",5,0,E,C,False,False,False,False,True,False,False,False,False,True,False,False,False,False,False,True,[],False,False,False,False,1,3406,112
historical121,M5,43,d00030,M11:126,M11,single,full_native_key_maj5_absolute_majority_stop,majority_with_minority_votes,unknown_not_assessed,1,"[""A""]",False,"[""E"", ""D""]",5,0,E,C,False,False,False,False,True,False,False,False,False,True,False,False,False,False,False,True,[],False,False,False,False,1,3406,223
historical121,M5,44,d00030,M11:126,M11,single,full_native_key_maj5_absolute_majority_stop,majority_with_minority_votes,unknown_not_assessed,1,"[""A""]",False,"[""E"", ""D""]",5,0,E,C,False,False,False,False,True,False,False,False,False,True,False,False,False,False,False,True,[],False,False,False,False,1,3406,113
historical121,M5,42,d00032,M14:exact_source_text:555,M14,single,full_native_key_maj5_absolute_majority_stop,tied_vote_leaders,unknown_not_assessed,1,"[""A""]",False,"[""B"", ""A"", ""D""]",5,0,A,B,True,True,True,False,False,False,False,True,False,False,False,True,False,True,True,True,[],False,False,False,False,1,2713,188
historical121,M5,43,d00032,M14:exact_source_text:555,M14,single,full_native_key_maj5_absolute_majority_stop,tied_vote_leaders,unknown_not_assessed,1,"[""A""]",False,"[""B"", ""A"", ""D""]",5,0,A,D,True,True,True,False,False,False,False,True,False,False,False,True,False,True,True,True,[],False,False,False,False,1,2713,97
historical121,M5,44,d00032,M14:exact_source_text:555,M14,single,full_native_key_maj5_absolute_majority_stop,tied_vote_leaders,unknown_not_assessed,1,"[""A""]",False,"[""B"", ""A"", ""D""]",5,0,A,D,True,True,True,False,False,False,False,True,False,False,False,True,False,True,True,True,[],False,False,False,False,1,2713,77
historical121,M5,42,d00042,M06:supplement_N48,M06,single,full_native_key_maj5_absolute_majority_stop,majority_with_minority_votes,unknown_not_assessed,1,"[""yes""]",False,"[""yes"", ""no""]",5,0,no,yes,False,False,True,True,False,True,True,False,False,False,False,False,False,True,True,True,[],False,False,False,False,1,2226,118
historical121,M5,43,d00042,M06:supplement_N48,M06,single,full_native_key_maj5_absolute_majority_stop,majority_with_minority_votes,unknown_not_assessed,1,"[""yes""]",False,"[""yes"", ""no""]",5,0,no,yes,False,False,True,True,False,True,True,False,False,False,False,False,False,True,True,True,[],False,False,False,False,1,2226,106
historical121,M5,44,d00042,M06:supplement_N48,M06,single,full_native_key_maj5_absolute_majority_stop,majority_with_minority_votes,unknown_not_assessed,1,"[""yes""]",False,"[""yes"", ""no""]",5,0,no,yes,False,False,True,True,False,True,True,False,False,False,False,False,False,True,True,True,[],False,False,False,False,1,2226,105
historical121,M5,42,d00049,M12:725,M12,single,full_native_key_maj5_absolute_majority_stop,majority_with_minority_votes,unknown_not_assessed,1,"[""D""]",False,"[""C"", ""D""]",4,0,C,C,False,False,True,True,False,False,False,False,False,True,False,False,False,True,True,True,[],False,False,False,False,1,3322,76
historical121,M5,43,d00049,M12:725,M12,single,full_native_key_maj5_absolute_majority_stop,majority_with_minority_votes,unknown_not_assessed,1,"[""D""]",False,"[""C"", ""D""]",4,0,C,C,False,False,True,True,False,False,False,False,False,True,False,False,False,True,True,True,[],False,False,False,False,1,3322,113
historical121,M5,44,d00049,M12:725,M12,single,full_native_key_maj5_absolute_majority_stop,majority_with_minority_votes,unknown_not_assessed,1,"[""D""]",False,"[""C"", ""D""]",4,0,C,C,False,False,True,True,False,False,False,False,False,True,False,False,False,True,True,True,[],False,False,False,False,1,3322,104
historical121,M5,42,d00053,M17:usmle_derm_327,M17,single,full_native_key_maj5_absolute_majority_stop,majority_with_minority_votes,unknown_not_assessed,1,"[""yes""]",False,"[""no"", ""yes""]",4,0,no,no,False,False,True,True,False,False,False,False,False,True,False,False,False,True,True,True,[],False,False,False,False,1,2398,126
historical121,M5,43,d00053,M17:usmle_derm_327,M17,single,full_native_key_maj5_absolute_majority_stop,majority_with_minority_votes,unknown_not_assessed,1,"[""yes""]",False,"[""no"", ""yes""]",4,0,no,no,False,False,True,True,False,False,False,False,False,True,False,False,False,True,True,True,[],False,False,False,False,1,2398,127
historical121,M5,44,d00053,M17:usmle_derm_327,M17,single,full_native_key_maj5_absolute_majority_stop,majority_with_minority_votes,unknown_not_assessed,1,"[""yes""]",False,"[""no"", ""yes""]",4,0,no,no,False,False,True,True,False,False,False,False,False,True,False,False,False,True,True,True,[],False,False,False,False,1,2398,149
historical121,M5,42,d00057,M12:660,M12,single,full_native_key_maj5_absolute_majority_stop,majority_with_minority_votes,unknown_not_assessed,1,"[""D""]",False,"[""B"", ""D""]",5,0,B,D,False,False,True,True,False,True,True,False,False,False,False,False,False,True,True,True,[],False,False,False,False,1,1930,81
historical121,M5,43,d00057,M12:660,M12,single,full_native_key_maj5_absolute_majority_stop,majority_with_minority_votes,unknown_not_assessed,1,"[""D""]",False,"[""B"", ""D""]",5,0,B,D,False,False,True,True,False,True,True,False,False,False,False,False,False,True,True,True,[],False,False,False,False,1,1930,76
historical121,M5,44,d00057,M12:660,M12,single,full_native_key_maj5_absolute_majority_stop,majority_with_minority_votes,unknown_not_assessed,1,"[""D""]",False,"[""B"", ""D""]",5,0,B,D,False,False,True,True,False,True,True,False,False,False,False,False,False,True,True,True,[],False,False,False,False,1,1930,73
historical121,M5,42,d00058,M12:758,M12,single,full_native_key_maj5_absolute_majority_stop,majority_with_minority_votes,unknown_not_assessed,3,"[""A"", ""A"", ""A""]",False,"[""A"", ""D""]",4,0,A,D,True,True,True,False,False,False,False,True,False,False,False,True,False,True,True,True,[],False,False,False,False,1,2272,111
historical121,M5,43,d00058,M12:758,M12,single,full_native_key_maj5_absolute_majority_stop,majority_with_minority_votes,unknown_not_assessed,3,"[""A"", ""A"", ""A""]",False,"[""A"", ""D""]",4,0,A,D,True,True,True,False,False,False,False,True,False,False,False,True,False,True,True,True,[],False,False,False,False,1,2272,93
historical121,M5,44,d00058,M12:758,M12,single,full_native_key_maj5_absolute_majority_stop,majority_with_minority_votes,unknown_not_assessed,3,"[""A"", ""A"", ""A""]",False,"[""A"", ""D""]",4,0,A,D,True,True,True,False,False,False,False,True,False,False,False,True,False,True,True,True,[],False,False,False,False,1,2272,84
historical121,M5,42,d00059,M12:758,M12,single,full_native_key_maj5_absolute_majority_stop,majority_with_minority_votes,unknown_not_assessed,1,"[""A""]",False,"[""D"", ""A""]",5,0,D,D,False,False,True,True,False,False,False,False,False,True,False,False,False,True,True,True,[],False,False,False,False,1,2341,123
historical121,M5,43,d00059,M12:758,M12,single,full_native_key_maj5_absolute_majority_stop,majority_with_minority_votes,unknown_not_assessed,1,"[""A""]",False,"[""D"", ""A""]",5,0,D,D,False,False,True,True,False,False,False,False,False,True,False,False,False,True,True,True,[],False,False,False,False,1,2341,93
historical121,M5,44,d00059,M12:758,M12,single,full_native_key_maj5_absolute_majority_stop,majority_with_minority_votes,unknown_not_assessed,1,"[""A""]",False,"[""D"", ""A""]",5,0,D,D,False,False,True,True,False,False,False,False,False,True,False,False,False,True,True,True,[],False,False,False,False,1,2341,161
historical121,M5,42,d00061,M11:78,M11,single,full_native_key_maj5_absolute_majority_stop,majority_with_minority_votes,unknown_not_assessed,1,"[""B""]",False,"[""B"", ""D""]",4,0,B,B,True,True,True,False,False,True,False,False,True,False,False,False,False,True,True,True,[],False,False,False,False,1,2475,108
historical121,M5,43,d00061,M11:78,M11,single,full_native_key_maj5_absolute_majority_stop,majority_with_minority_votes,unknown_not_assessed,1,"[""B""]",False,"[""B"", ""D""]",4,0,B,B,True,True,True,False,False,True,False,False,True,False,False,False,False,True,True,True,[],False,False,False,False,1,2475,123
historical121,M5,44,d00061,M11:78,M11,single,full_native_key_maj5_absolute_majority_stop,majority_with_minority_votes,unknown_not_assessed,1,"[""B""]",False,"[""B"", ""D""]",4,0,B,B,True,True,True,False,False,True,False,False,True,False,False,False,False,True,True,True,[],False,False,False,False,1,2475,85
historical121,M5,42,d00063,M20:22,M20,relation,full_native_key_maj5_absolute_majority_stop,majority_with_minority_votes,unknown_not_assessed,1,"[""higher""]",False,"[""higher"", ""uncertainty""]",4,0,higher,higher,True,True,True,False,False,True,False,False,True,False,False,False,False,True,True,True,[],False,False,False,False,1,65695,92
historical121,M5,43,d00063,M20:22,M20,relation,full_native_key_maj5_absolute_majority_stop,majority_with_minority_votes,unknown_not_assessed,1,"[""higher""]",False,"[""higher"", ""uncertainty""]",4,0,higher,higher,True,True,True,False,False,True,False,False,True,False,False,False,False,True,True,True,[],False,False,False,False,1,65695,141
historical121,M5,44,d00063,M20:22,M20,relation,full_native_key_maj5_absolute_majority_stop,majority_with_minority_votes,unknown_not_assessed,1,"[""higher""]",False,"[""higher"", ""uncertainty""]",4,0,higher,higher,True,True,True,False,False,True,False,False,True,False,False,False,False,True,True,True,[],False,False,False,False,1,65695,136
historical121,M5,42,d00064,M17:usmle_derm_991,M17,single,full_native_key_maj5_absolute_majority_stop,majority_with_minority_votes,unknown_not_assessed,1,"[""yes""]",False,"[""yes"", ""no""]",4,0,yes,no,True,True,True,False,False,False,False,True,False,False,False,True,False,True,True,True,[],False,False,False,False,1,2933,142
historical121,M5,43,d00064,M17:usmle_derm_991,M17,single,full_native_key_maj5_absolute_majority_stop,majority_with_minority_votes,unknown_not_assessed,1,"[""yes""]",False,"[""yes"", ""no""]",4,0,yes,no,True,True,True,False,False,False,False,True,False,False,False,True,False,True,True,True,[],False,False,False,False,1,2933,131
historical121,M5,44,d00064,M17:usmle_derm_991,M17,single,full_native_key_maj5_absolute_majority_stop,majority_with_minority_votes,unknown_not_assessed,1,"[""yes""]",False,"[""yes"", ""no""]",4,0,yes,no,True,True,True,False,False,False,False,True,False,False,False,True,False,True,True,True,[],False,False,False,False,1,2933,197
historical121,M5,42,d00074,M11:78,M11,single,full_native_key_maj5_absolute_majority_stop,majority_with_minority_votes,unknown_not_assessed,1,"[""B""]",False,"[""B"", ""D""]",4,0,B,B,True,True,True,False,False,True,False,False,True,False,False,False,False,True,True,True,[],False,False,False,False,1,2369,115
historical121,M5,43,d00074,M11:78,M11,single,full_native_key_maj5_absolute_majority_stop,majority_with_minority_votes,unknown_not_assessed,1,"[""B""]",False,"[""B"", ""D""]",4,0,B,B,True,True,True,False,False,True,False,False,True,False,False,False,False,True,True,True,[],False,False,False,False,1,2369,108
historical121,M5,44,d00074,M11:78,M11,single,full_native_key_maj5_absolute_majority_stop,majority_with_minority_votes,unknown_not_assessed,1,"[""B""]",False,"[""B"", ""D""]",4,0,B,B,True,True,True,False,False,True,False,False,True,False,False,False,False,True,True,True,[],False,False,False,False,1,2369,136
historical121,M5,42,d00075,M11:126,M11,single,full_native_key_maj5_absolute_majority_stop,majority_with_minority_votes,unknown_not_assessed,6,"[""A"", ""A"", ""A"", ""A"", ""A"", ""A""]",False,"[""C"", ""D""]",5,0,D,C,False,False,False,False,True,False,False,False,False,True,False,False,False,False,True,True,[],False,False,False,False,1,2778,207
historical121,M5,43,d00075,M11:126,M11,single,full_native_key_maj5_absolute_majority_stop,majority_with_minority_votes,unknown_not_assessed,6,"[""A"", ""A"", ""A"", ""A"", ""A"", ""A""]",False,"[""C"", ""D""]",5,0,D,C,False,False,False,False,True,False,False,False,False,True,False,False,False,False,True,True,[],False,False,False,False,1,2778,143
historical121,M5,44,d00075,M11:126,M11,single,full_native_key_maj5_absolute_majority_stop,majority_with_minority_votes,unknown_not_assessed,6,"[""A"", ""A"", ""A"", ""A"", ""A"", ""A""]",False,"[""C"", ""D""]",5,0,D,C,False,False,False,False,True,False,False,False,False,True,False,False,False,False,True,True,[],False,False,False,False,1,2778,96
historical121,M5,42,d00076,M11:126,M11,single,full_native_key_maj5_absolute_majority_stop,majority_with_minority_votes,unknown_not_assessed,1,"[""A""]",False,"[""A"", ""C"", ""E"", ""D""]",5,0,E,C,False,False,True,True,False,False,False,False,False,True,False,False,False,True,True,True,[],False,False,False,False,1,3420,116
historical121,M5,43,d00076,M11:126,M11,single,full_native_key_maj5_absolute_majority_stop,majority_with_minority_votes,unknown_not_assessed,1,"[""A""]",False,"[""A"", ""C"", ""E"", ""D""]",5,0,E,C,False,False,True,True,False,False,False,False,False,True,False,False,False,True,True,True,[],False,False,False,False,1,3420,146
historical121,M5,44,d00076,M11:126,M11,single,full_native_key_maj5_absolute_majority_stop,majority_with_minority_votes,unknown_not_assessed,1,"[""A""]",False,"[""A"", ""C"", ""E"", ""D""]",5,0,E,C,False,False,True,True,False,False,False,False,False,True,False,False,False,True,True,True,[],False,False,False,False,1,3420,102
historical121,M5,42,d00082,M11:126,M11,single,full_native_key_maj5_absolute_majority_stop,majority_with_minority_votes,unknown_not_assessed,1,"[""A""]",False,"[""E"", ""C""]",4,0,E,C,False,False,False,False,True,False,False,False,False,True,False,False,False,False,True,True,[],False,False,False,False,1,2792,128
historical121,M5,43,d00082,M11:126,M11,single,full_native_key_maj5_absolute_majority_stop,majority_with_minority_votes,unknown_not_assessed,1,"[""A""]",False,"[""E"", ""C""]",4,0,E,C,False,False,False,False,True,False,False,False,False,True,False,False,False,False,True,True,[],False,False,False,False,1,2792,210
historical121,M5,44,d00082,M11:126,M11,single,full_native_key_maj5_absolute_majority_stop,majority_with_minority_votes,unknown_not_assessed,1,"[""A""]",False,"[""E"", ""C""]",4,0,E,C,False,False,False,False,True,False,False,False,False,True,False,False,False,False,True,True,[],False,False,False,False,1,2792,125
historical121,M5,42,d00088,M20:6,M20,relation,full_native_key_maj5_absolute_majority_stop,majority_with_minority_votes,unknown_not_assessed,1,"[""no difference""]",False,"[""no difference"", ""uncertainty""]",4,0,uncertainty,uncertainty,False,False,True,True,False,False,False,False,False,True,False,False,False,True,True,True,[],False,False,False,False,1,7520,138
historical121,M5,43,d00088,M20:6,M20,relation,full_native_key_maj5_absolute_majority_stop,majority_with_minority_votes,unknown_not_assessed,1,"[""no difference""]",False,"[""no difference"", ""uncertainty""]",4,0,uncertainty,no difference,False,False,True,True,False,True,True,False,False,False,False,False,False,True,True,True,[],False,False,False,False,1,7520,99
historical121,M5,44,d00088,M20:6,M20,relation,full_native_key_maj5_absolute_majority_stop,majority_with_minority_votes,unknown_not_assessed,1,"[""no difference""]",False,"[""no difference"", ""uncertainty""]",4,0,uncertainty,no difference,False,False,True,True,False,True,True,False,False,False,False,False,False,True,True,True,[],False,False,False,False,1,7520,200
historical121,M5,42,d00094,M20:6,M20,relation,full_native_key_maj5_absolute_majority_stop,majority_with_minority_votes,unknown_not_assessed,1,"[""no difference""]",False,"[""no difference"", ""uncertainty""]",4,0,uncertainty,no difference,False,False,True,True,False,True,True,False,False,False,False,False,False,True,True,True,[],False,False,False,False,1,6647,96
historical121,M5,43,d00094,M20:6,M20,relation,full_native_key_maj5_absolute_majority_stop,majority_with_minority_votes,unknown_not_assessed,1,"[""no difference""]",False,"[""no difference"", ""uncertainty""]",4,0,uncertainty,no difference,False,False,True,True,False,True,True,False,False,False,False,False,False,True,True,True,[],False,False,False,False,1,6647,95
historical121,M5,44,d00094,M20:6,M20,relation,full_native_key_maj5_absolute_majority_stop,majority_with_minority_votes,unknown_not_assessed,1,"[""no difference""]",False,"[""no difference"", ""uncertainty""]",4,0,uncertainty,no difference,False,False,True,True,False,True,True,False,False,False,False,False,False,True,True,True,[],False,False,False,False,1,6647,172
historical121,M5,42,d00101,M14:exact_source_text:555,M14,single,full_native_key_maj5_absolute_majority_stop,majority_with_minority_votes,unknown_not_assessed,1,"[""A""]",False,"[""B"", ""C"", ""A""]",5,1,B,B,False,False,True,True,False,False,False,False,False,True,False,False,False,True,True,True,[],False,False,False,False,1,3037,90
historical121,M5,43,d00101,M14:exact_source_text:555,M14,single,full_native_key_maj5_absolute_majority_stop,majority_with_minority_votes,unknown_not_assessed,1,"[""A""]",False,"[""B"", ""C"", ""A""]",5,1,B,B,False,False,True,True,False,False,False,False,False,True,False,False,False,True,True,True,[],False,False,False,False,1,3037,146
historical121,M5,44,d00101,M14:exact_source_text:555,M14,single,full_native_key_maj5_absolute_majority_stop,majority_with_minority_votes,unknown_not_assessed,1,"[""A""]",False,"[""B"", ""C"", ""A""]",5,1,B,B,False,False,True,True,False,False,False,False,False,True,False,False,False,True,True,True,[],False,False,False,False,1,3037,161
historical121,M5,42,d00107,M11:126,M11,single,full_native_key_maj5_absolute_majority_stop,tied_vote_leaders,unknown_not_assessed,1,"[""A""]",False,"[""C"", ""D"", ""E""]",5,0,C,C,False,False,False,False,True,False,False,False,False,True,False,False,False,False,True,True,[],False,False,False,False,1,2841,161
historical121,M5,43,d00107,M11:126,M11,single,full_native_key_maj5_absolute_majority_stop,tied_vote_leaders,unknown_not_assessed,1,"[""A""]",False,"[""C"", ""D"", ""E""]",5,0,C,C,False,False,False,False,True,False,False,False,False,True,False,False,False,False,True,True,[],False,False,False,False,1,2841,99
historical121,M5,44,d00107,M11:126,M11,single,full_native_key_maj5_absolute_majority_stop,tied_vote_leaders,unknown_not_assessed,1,"[""A""]",False,"[""C"", ""D"", ""E""]",5,0,C,C,False,False,False,False,True,False,False,False,False,True,False,False,False,False,True,True,[],False,False,False,False,1,2841,160
historical121,M5,42,d00110,M12:648,M12,single,full_native_key_maj5_absolute_majority_stop,majority_with_minority_votes,unknown_not_assessed,1,"[""B""]",False,"[""D"", ""A"", ""B""]",5,0,D,D,False,False,True,True,False,False,False,False,False,True,False,False,False,True,True,True,[],False,False,False,False,1,2583,254
historical121,M5,43,d00110,M12:648,M12,single,full_native_key_maj5_absolute_majority_stop,majority_with_minority_votes,unknown_not_assessed,1,"[""B""]",False,"[""D"", ""A"", ""B""]",5,0,D,D,False,False,True,True,False,False,False,False,False,True,False,False,False,True,True,True,[],False,False,False,False,1,2583,210
historical121,M5,44,d00110,M12:648,M12,single,full_native_key_maj5_absolute_majority_stop,majority_with_minority_votes,unknown_not_assessed,1,"[""B""]",False,"[""D"", ""A"", ""B""]",5,0,D,D,False,False,True,True,False,False,False,False,False,True,False,False,False,True,True,True,[],False,False,False,False,1,2583,211
historical121,M5,42,d00114,M11:126,M11,single,full_native_key_maj5_absolute_majority_stop,majority_with_minority_votes,unknown_not_assessed,1,"[""A""]",False,"[""C"", ""D""]",4,0,C,C,False,False,False,False,True,False,False,False,False,True,False,False,False,False,True,True,[],False,False,False,False,1,2900,146
historical121,M5,43,d00114,M11:126,M11,single,full_native_key_maj5_absolute_majority_stop,majority_with_minority_votes,unknown_not_assessed,1,"[""A""]",False,"[""C"", ""D""]",4,0,C,C,False,False,False,False,True,False,False,False,False,True,False,False,False,False,True,True,[],False,False,False,False,1,2900,149
historical121,M5,44,d00114,M11:126,M11,single,full_native_key_maj5_absolute_majority_stop,majority_with_minority_votes,unknown_not_assessed,1,"[""A""]",False,"[""C"", ""D""]",4,0,C,C,False,False,False,False,True,False,False,False,False,True,False,False,False,False,True,True,[],False,False,False,False,1,2900,103
historical121,M5,42,d00117,M20:22,M20,relation,full_native_key_maj5_absolute_majority_stop,majority_with_minority_votes,unknown_not_assessed,1,"[""higher""]",False,"[""higher"", ""no difference"", ""uncertainty""]",5,0,higher,higher,True,True,True,False,False,True,False,False,True,False,False,False,False,True,True,True,[],False,False,False,False,1,64537,132
historical121,M5,43,d00117,M20:22,M20,relation,full_native_key_maj5_absolute_majority_stop,majority_with_minority_votes,unknown_not_assessed,1,"[""higher""]",False,"[""higher"", ""no difference"", ""uncertainty""]",5,0,higher,higher,True,True,True,False,False,True,False,False,True,False,False,False,False,True,True,True,[],False,False,False,False,1,64537,153
historical121,M5,44,d00117,M20:22,M20,relation,full_native_key_maj5_absolute_majority_stop,majority_with_minority_votes,unknown_not_assessed,1,"[""higher""]",False,"[""higher"", ""no difference"", ""uncertainty""]",5,0,higher,higher,True,True,True,False,False,True,False,False,True,False,False,False,False,True,True,True,[],False,False,False,False,1,64537,99
natural52,M4,42,n00001,M22:pubmedqa/25725704,M22,robustness_single,full_native_key_maj5_absolute_majority_stop,majority_with_minority_votes,unknown_not_assessed,1,"[""A""]",False,"[""B"", ""A""]",4,0,A,A,True,True,True,False,False,True,False,False,True,False,False,False,False,True,True,True,"[""errors""]",True,False,False,False,1,8274,219
natural52,M4,43,n00001,M22:pubmedqa/25725704,M22,robustness_single,full_native_key_maj5_absolute_majority_stop,majority_with_minority_votes,unknown_not_assessed,1,"[""A""]",False,"[""B"", ""A""]",4,0,A,A,True,True,True,False,False,True,False,False,True,False,False,False,False,True,True,True,"[""errors""]",True,False,False,False,1,8274,193
natural52,M4,44,n00001,M22:pubmedqa/25725704,M22,robustness_single,full_native_key_maj5_absolute_majority_stop,majority_with_minority_votes,unknown_not_assessed,1,"[""A""]",False,"[""B"", ""A""]",4,0,A,A,True,True,True,False,False,True,False,False,True,False,False,False,False,True,True,True,"[""errors""]",True,False,False,False,1,8274,176
natural52,M4,42,n00002,M17:usmle_derm_1919,M17,single,full_native_key_maj5_absolute_majority_stop,majority_with_minority_votes,unknown_not_assessed,1,"[""yes""]",False,"[""yes"", ""no""]",4,0,yes,yes,True,True,True,False,False,True,False,False,True,False,False,False,False,True,True,True,[],False,False,False,False,1,3008,127
natural52,M4,43,n00002,M17:usmle_derm_1919,M17,single,full_native_key_maj5_absolute_majority_stop,majority_with_minority_votes,unknown_not_assessed,1,"[""yes""]",False,"[""yes"", ""no""]",4,0,yes,yes,True,True,True,False,False,True,False,False,True,False,False,False,False,True,True,True,[],False,False,False,False,1,3008,136
natural52,M4,44,n00002,M17:usmle_derm_1919,M17,single,full_native_key_maj5_absolute_majority_stop,majority_with_minority_votes,unknown_not_assessed,1,"[""yes""]",False,"[""yes"", ""no""]",4,0,yes,yes,True,True,True,False,False,True,False,False,True,False,False,False,False,True,True,True,[],False,False,False,False,1,3008,95
natural52,M4,42,n00003,M10:medqa_00226,M10,single,full_native_key_maj5_absolute_majority_stop,majority_with_minority_votes,unknown_not_assessed,1,"[""C""]",False,"[""B"", ""C""]",4,0,C,C,True,True,True,False,False,True,False,False,True,False,False,False,False,True,True,True,[],False,False,False,False,1,2569,78
natural52,M4,43,n00003,M10:medqa_00226,M10,single,full_native_key_maj5_absolute_majority_stop,majority_with_minority_votes,unknown_not_assessed,1,"[""C""]",False,"[""B"", ""C""]",4,0,C,B,True,True,True,False,False,False,False,True,False,False,False,True,False,True,True,True,[],False,False,False,False,1,2569,100
natural52,M4,44,n00003,M10:medqa_00226,M10,single,full_native_key_maj5_absolute_majority_stop,majority_with_minority_votes,unknown_not_assessed,1,"[""C""]",False,"[""B"", ""C""]",4,0,C,C,True,True,True,False,False,True,False,False,True,False,False,False,False,True,True,True,[],False,False,False,False,1,2569,65
natural52,M4,42,n00006,M22:pubmedqa/25725704,M22,robustness_single,full_native_key_maj5_absolute_majority_stop,majority_with_minority_votes,unknown_not_assessed,1,"[""A""]",False,"[""C"", ""A""]",5,0,A,A,True,True,True,False,False,True,False,False,True,False,False,False,False,True,True,True,"[""errors""]",True,False,False,False,1,8254,215
natural52,M4,43,n00006,M22:pubmedqa/25725704,M22,robustness_single,full_native_key_maj5_absolute_majority_stop,majority_with_minority_votes,unknown_not_assessed,1,"[""A""]",False,"[""C"", ""A""]",5,0,A,A,True,True,True,False,False,True,False,False,True,False,False,False,False,True,True,True,"[""errors""]",True,False,False,False,1,8254,134
natural52,M4,44,n00006,M22:pubmedqa/25725704,M22,robustness_single,full_native_key_maj5_absolute_majority_stop,majority_with_minority_votes,unknown_not_assessed,1,"[""A""]",False,"[""C"", ""A""]",5,0,A,A,True,True,True,False,False,True,False,False,True,False,False,False,False,True,True,True,"[""errors""]",True,False,False,False,1,8254,258
natural52,M4,42,n00007,M10:medqa_01062,M10,single,full_native_key_maj5_absolute_majority_stop,majority_with_minority_votes,unknown_not_assessed,1,"[""A""]",False,"[""A"", ""D"", ""C""]",5,0,A,A,True,True,True,False,False,True,False,False,True,False,False,False,False,True,True,True,[],False,False,False,False,1,2880,144
natural52,M4,43,n00007,M10:medqa_01062,M10,single,full_native_key_maj5_absolute_majority_stop,majority_with_minority_votes,unknown_not_assessed,1,"[""A""]",False,"[""A"", ""D"", ""C""]",5,0,A,A,True,True,True,False,False,True,False,False,True,False,False,False,False,True,True,True,[],False,False,False,False,1,2880,149
natural52,M4,44,n00007,M10:medqa_01062,M10,single,full_native_key_maj5_absolute_majority_stop,majority_with_minority_votes,unknown_not_assessed,1,"[""A""]",False,"[""A"", ""D"", ""C""]",5,0,A,D,True,True,True,False,False,False,False,True,False,False,False,True,False,True,True,True,[],False,False,False,False,1,2880,193
natural52,M4,42,n00009,M22:medqa/1080,M22,robustness_single,full_native_key_maj5_absolute_majority_stop,majority_with_minority_votes,unknown_not_assessed,1,"[""C""]",False,"[""B"", ""C""]",4,0,B,B,False,False,True,True,False,False,False,False,False,True,False,False,False,True,True,True,"[""errors""]",True,False,False,False,1,8613,158
natural52,M4,43,n00009,M22:medqa/1080,M22,robustness_single,full_native_key_maj5_absolute_majority_stop,majority_with_minority_votes,unknown_not_assessed,1,"[""C""]",False,"[""B"", ""C""]",4,0,B,B,False,False,True,True,False,False,False,False,False,True,False,False,False,True,True,True,"[""errors""]",True,False,False,False,1,8613,253
natural52,M4,44,n00009,M22:medqa/1080,M22,robustness_single,full_native_key_maj5_absolute_majority_stop,majority_with_minority_votes,unknown_not_assessed,1,"[""C""]",False,"[""B"", ""C""]",4,0,B,B,False,False,True,True,False,False,False,False,False,True,False,False,False,True,True,True,"[""errors""]",True,False,False,False,1,8613,151
natural52,M4,42,n00013,M17:usmle_derm_1919,M17,single,full_native_key_maj5_absolute_majority_stop,majority_with_minority_votes,unknown_not_assessed,1,"[""no""]",False,"[""no"", ""yes""]",5,0,no,no,True,True,True,False,False,True,False,False,True,False,False,False,False,True,True,True,[],False,False,False,False,1,2578,128
natural52,M4,43,n00013,M17:usmle_derm_1919,M17,single,full_native_key_maj5_absolute_majority_stop,majority_with_minority_votes,unknown_not_assessed,1,"[""no""]",False,"[""no"", ""yes""]",5,0,no,no,True,True,True,False,False,True,False,False,True,False,False,False,False,True,True,True,[],False,False,False,False,1,2578,175
natural52,M4,44,n00013,M17:usmle_derm_1919,M17,single,full_native_key_maj5_absolute_majority_stop,majority_with_minority_votes,unknown_not_assessed,1,"[""no""]",False,"[""no"", ""yes""]",5,0,no,no,True,True,True,False,False,True,False,False,True,False,False,False,False,True,True,True,[],False,False,False,False,1,2578,84
natural52,M4,42,n00014,M11:122,M11,single,full_native_key_maj5_absolute_majority_stop,majority_with_minority_votes,unknown_not_assessed,1,"[""B""]",False,"[""B"", ""E""]",4,0,B,B,True,True,True,False,False,True,False,False,True,False,False,False,False,True,True,True,[],False,False,False,False,1,2915,123
natural52,M4,43,n00014,M11:122,M11,single,full_native_key_maj5_absolute_majority_stop,majority_with_minority_votes,unknown_not_assessed,1,"[""B""]",False,"[""B"", ""E""]",4,0,B,B,True,True,True,False,False,True,False,False,True,False,False,False,False,True,True,True,[],False,False,False,False,1,2915,89
natural52,M4,44,n00014,M11:122,M11,single,full_native_key_maj5_absolute_majority_stop,majority_with_minority_votes,unknown_not_assessed,1,"[""B""]",False,"[""B"", ""E""]",4,0,B,B,True,True,True,False,False,True,False,False,True,False,False,False,False,True,True,True,[],False,False,False,False,1,2915,33
natural52,M4,42,n00017,M22:medqa/1080,M22,robustness_single,full_native_key_maj5_absolute_majority_stop,majority_with_minority_votes,unknown_not_assessed,1,"[""C""]",False,"[""D"", ""C"", ""A"", ""B""]",5,0,D,A,False,False,True,True,False,False,False,False,False,True,False,False,False,True,True,True,"[""errors""]",True,False,False,False,1,9655,188
natural52,M4,43,n00017,M22:medqa/1080,M22,robustness_single,full_native_key_maj5_absolute_majority_stop,majority_with_minority_votes,unknown_not_assessed,1,"[""C""]",False,"[""D"", ""C"", ""A"", ""B""]",5,0,D,D,False,False,True,True,False,False,False,False,False,True,False,False,False,True,True,True,"[""errors""]",True,False,False,False,1,9655,160
natural52,M4,44,n00017,M22:medqa/1080,M22,robustness_single,full_native_key_maj5_absolute_majority_stop,majority_with_minority_votes,unknown_not_assessed,1,"[""C""]",False,"[""D"", ""C"", ""A"", ""B""]",5,0,D,D,False,False,True,True,False,False,False,False,False,True,False,False,False,True,True,True,"[""errors""]",True,False,False,False,1,9655,314
natural52,M4,42,n00018,M11:3,M11,single,full_native_key_maj5_absolute_majority_stop,majority_with_minority_votes,unknown_not_assessed,1,"[""E""]",False,"[""E"", ""C""]",5,0,C,C,False,False,True,True,False,False,False,False,False,True,False,False,False,True,True,True,[],False,False,False,False,1,2315,96
natural52,M4,43,n00018,M11:3,M11,single,full_native_key_maj5_absolute_majority_stop,majority_with_minority_votes,unknown_not_assessed,1,"[""E""]",False,"[""E"", ""C""]",5,0,C,C,False,False,True,True,False,False,False,False,False,True,False,False,False,True,True,True,[],False,False,False,False,1,2315,110
natural52,M4,44,n00018,M11:3,M11,single,full_native_key_maj5_absolute_majority_stop,majority_with_minority_votes,unknown_not_assessed,1,"[""E""]",False,"[""E"", ""C""]",5,0,C,C,False,False,True,True,False,False,False,False,False,True,False,False,False,True,True,True,[],False,False,False,False,1,2315,80
natural52,M4,42,n00020,M23:BioNLI:exact_context:431,M23,single,full_nli_equal_paths_native_completion,mapping_top1_disagreement,unknown_not_assessed,1,"[""positive""]",False,"[""positive"", ""negative""]",4,0,negative,negative,False,False,True,True,False,False,False,False,False,True,False,False,False,True,True,True,[],False,False,False,False,1,5637,192
natural52,M4,43,n00020,M23:BioNLI:exact_context:431,M23,single,full_nli_equal_paths_native_completion,mapping_top1_disagreement,unknown_not_assessed,1,"[""positive""]",False,"[""positive"", ""negative""]",4,0,negative,negative,False,False,True,True,False,False,False,False,False,True,False,False,False,True,True,True,[],False,False,False,False,1,5637,229
natural52,M4,44,n00020,M23:BioNLI:exact_context:431,M23,single,full_nli_equal_paths_native_completion,mapping_top1_disagreement,unknown_not_assessed,1,"[""positive""]",False,"[""positive"", ""negative""]",4,0,negative,negative,False,False,True,True,False,False,False,False,False,True,False,False,False,True,True,True,[],False,False,False,False,1,5637,85
natural52,M4,42,n00022,M22:pubmedqa/25725704,M22,robustness_single,full_native_key_maj5_absolute_majority_stop,majority_with_minority_votes,unknown_not_assessed,1,"[""A""]",False,"[""B"", ""A""]",4,0,A,A,True,True,True,False,False,True,False,False,True,False,False,False,False,True,True,True,"[""errors""]",True,False,False,False,1,8178,218
natural52,M4,43,n00022,M22:pubmedqa/25725704,M22,robustness_single,full_native_key_maj5_absolute_majority_stop,majority_with_minority_votes,unknown_not_assessed,1,"[""A""]",False,"[""B"", ""A""]",4,0,A,A,True,True,True,False,False,True,False,False,True,False,False,False,False,True,True,True,"[""errors""]",True,False,False,False,1,8178,163
natural52,M4,44,n00022,M22:pubmedqa/25725704,M22,robustness_single,full_native_key_maj5_absolute_majority_stop,majority_with_minority_votes,unknown_not_assessed,1,"[""A""]",False,"[""B"", ""A""]",4,0,A,A,True,True,True,False,False,True,False,False,True,False,False,False,False,True,True,True,"[""errors""]",True,False,False,False,1,8178,324
natural52,M4,42,n00023,M12:596,M12,single,full_native_key_maj5_absolute_majority_stop,majority_with_minority_votes,unknown_not_assessed,1,"[""B""]",False,"[""B"", ""C""]",4,0,B,C,True,True,True,False,False,False,False,True,False,False,False,True,False,True,True,True,[],False,False,False,False,1,2588,163
natural52,M4,43,n00023,M12:596,M12,single,full_native_key_maj5_absolute_majority_stop,majority_with_minority_votes,unknown_not_assessed,1,"[""B""]",False,"[""B"", ""C""]",4,0,B,C,True,True,True,False,False,False,False,True,False,False,False,True,False,True,True,True,[],False,False,False,False,1,2588,126
natural52,M4,44,n00023,M12:596,M12,single,full_native_key_maj5_absolute_majority_stop,majority_with_minority_votes,unknown_not_assessed,1,"[""B""]",False,"[""B"", ""C""]",4,0,B,C,True,True,True,False,False,False,False,True,False,False,False,True,False,True,True,True,[],False,False,False,False,1,2588,99
natural52,M4,42,n00024,M10:medqa_01062,M10,single,full_native_key_maj5_absolute_majority_stop,majority_with_minority_votes,unknown_not_assessed,1,"[""A""]",False,"[""A"", ""B""]",4,0,A,A,True,True,True,False,False,True,False,False,True,False,False,False,False,True,True,True,[],False,False,False,False,1,2655,218
natural52,M4,43,n00024,M10:medqa_01062,M10,single,full_native_key_maj5_absolute_majority_stop,majority_with_minority_votes,unknown_not_assessed,1,"[""A""]",False,"[""A"", ""B""]",4,0,A,A,True,True,True,False,False,True,False,False,True,False,False,False,False,True,True,True,[],False,False,False,False,1,2655,140
natural52,M4,44,n00024,M10:medqa_01062,M10,single,full_native_key_maj5_absolute_majority_stop,majority_with_minority_votes,unknown_not_assessed,1,"[""A""]",False,"[""A"", ""B""]",4,0,A,D,True,True,True,False,False,False,False,True,False,False,False,False,True,True,False,True,[],False,False,False,False,1,2655,165
natural52,M4,42,n00026,M17:usmle_derm_1919,M17,single,full_native_key_maj5_absolute_majority_stop,majority_with_minority_votes,unknown_not_assessed,1,"[""no""]",False,"[""no"", ""yes""]",5,0,yes,no,False,False,True,True,False,True,True,False,False,False,False,False,False,True,True,True,[],False,False,False,False,1,2837,117
natural52,M4,43,n00026,M17:usmle_derm_1919,M17,single,full_native_key_maj5_absolute_majority_stop,majority_with_minority_votes,unknown_not_assessed,1,"[""no""]",False,"[""no"", ""yes""]",5,0,yes,no,False,False,True,True,False,True,True,False,False,False,False,False,False,True,True,True,[],False,False,False,False,1,2837,203
natural52,M4,44,n00026,M17:usmle_derm_1919,M17,single,full_native_key_maj5_absolute_majority_stop,majority_with_minority_votes,unknown_not_assessed,1,"[""no""]",False,"[""no"", ""yes""]",5,0,yes,no,False,False,True,True,False,True,True,False,False,False,False,False,False,True,True,True,[],False,False,False,False,1,2837,65
natural52,M4,42,n00029,M14:exact_source_text:442,M14,single,full_native_key_maj5_absolute_majority_stop,majority_with_minority_votes,unknown_not_assessed,1,"[""A""]",False,"[""A"", ""D""]",4,0,D,B,False,False,True,True,False,False,False,False,False,True,False,False,False,True,False,True,[],False,False,False,False,1,2754,255
natural52,M4,43,n00029,M14:exact_source_text:442,M14,single,full_native_key_maj5_absolute_majority_stop,majority_with_minority_votes,unknown_not_assessed,1,"[""A""]",False,"[""A"", ""D""]",4,0,D,B,False,False,True,True,False,False,False,False,False,True,False,False,False,True,False,True,[],False,False,False,False,1,2754,314
natural52,M4,44,n00029,M14:exact_source_text:442,M14,single,full_native_key_maj5_absolute_majority_stop,majority_with_minority_votes,unknown_not_assessed,1,"[""A""]",False,"[""A"", ""D""]",4,0,D,D,False,False,True,True,False,False,False,False,False,True,False,False,False,True,True,True,[],False,False,False,False,1,2754,205
natural52,M4,42,n00030,M23_control:bionli_choice_relevant_08,M23_control,single,full_nli_equal_paths_native_completion,direct_reasoned_mean_disagreement,unknown_not_assessed,1,"[""negative""]",False,"[""positive"", ""negative""]",4,0,negative,positive,True,True,True,False,False,False,False,True,False,False,False,True,False,True,True,True,[],False,False,False,False,1,1673,62
natural52,M4,43,n00030,M23_control:bionli_choice_relevant_08,M23_control,single,full_nli_equal_paths_native_completion,direct_reasoned_mean_disagreement,unknown_not_assessed,1,"[""negative""]",False,"[""positive"", ""negative""]",4,0,negative,positive,True,True,True,False,False,False,False,True,False,False,False,True,False,True,True,True,[],False,False,False,False,1,1673,65
natural52,M4,44,n00030,M23_control:bionli_choice_relevant_08,M23_control,single,full_nli_equal_paths_native_completion,direct_reasoned_mean_disagreement,unknown_not_assessed,1,"[""negative""]",False,"[""positive"", ""negative""]",4,0,negative,positive,True,True,True,False,False,False,False,True,False,False,False,True,False,True,True,True,[],False,False,False,False,1,1673,70
natural52,M4,42,n00032,M17:usmle_derm_1919,M17,single,full_native_key_maj5_absolute_majority_stop,majority_with_minority_votes,unknown_not_assessed,1,"[""yes""]",False,"[""yes"", ""no""]",4,0,yes,yes,True,True,True,False,False,True,False,False,True,False,False,False,False,True,True,True,[],False,False,False,False,1,2546,65
natural52,M4,43,n00032,M17:usmle_derm_1919,M17,single,full_native_key_maj5_absolute_majority_stop,majority_with_minority_votes,unknown_not_assessed,1,"[""yes""]",False,"[""yes"", ""no""]",4,0,yes,yes,True,True,True,False,False,True,False,False,True,False,False,False,False,True,True,True,[],False,False,False,False,1,2546,148
natural52,M4,44,n00032,M17:usmle_derm_1919,M17,single,full_native_key_maj5_absolute_majority_stop,majority_with_minority_votes,unknown_not_assessed,1,"[""yes""]",False,"[""yes"", ""no""]",4,0,yes,yes,True,True,True,False,False,True,False,False,True,False,False,False,False,True,True,True,[],False,False,False,False,1,2546,72
natural52,M4,42,n00033,M20:56,M20,relation,full_native_key_maj5_absolute_majority_stop,majority_with_minority_votes,unknown_not_assessed,1,"[""lower""]",False,"[""higher"", ""uncertainty""]",5,1,higher,higher,False,False,False,False,True,False,False,False,False,True,False,False,False,False,True,True,[],False,False,False,False,1,4763,57
natural52,M4,43,n00033,M20:56,M20,relation,full_native_key_maj5_absolute_majority_stop,majority_with_minority_votes,unknown_not_assessed,1,"[""lower""]",False,"[""higher"", ""uncertainty""]",5,1,higher,higher,False,False,False,False,True,False,False,False,False,True,False,False,False,False,True,True,[],False,False,False,False,1,4763,100
natural52,M4,44,n00033,M20:56,M20,relation,full_native_key_maj5_absolute_majority_stop,majority_with_minority_votes,unknown_not_assessed,1,"[""lower""]",False,"[""higher"", ""uncertainty""]",5,1,higher,higher,False,False,False,False,True,False,False,False,False,True,False,False,False,False,True,True,[],False,False,False,False,1,4763,140
natural52,M4,42,n00037,M14:exact_source_text:442,M14,single,full_native_key_maj5_absolute_majority_stop,majority_with_minority_votes,unknown_not_assessed,1,"[""A""]",False,"[""D"", ""B""]",5,0,B,B,False,False,False,False,True,False,False,False,False,True,False,False,False,False,True,True,[],False,False,False,False,1,3041,111
natural52,M4,43,n00037,M14:exact_source_text:442,M14,single,full_native_key_maj5_absolute_majority_stop,majority_with_minority_votes,unknown_not_assessed,1,"[""A""]",False,"[""D"", ""B""]",5,0,B,B,False,False,False,False,True,False,False,False,False,True,False,False,False,False,True,True,[],False,False,False,False,1,3041,123
natural52,M4,44,n00037,M14:exact_source_text:442,M14,single,full_native_key_maj5_absolute_majority_stop,majority_with_minority_votes,unknown_not_assessed,1,"[""A""]",False,"[""D"", ""B""]",5,0,B,B,False,False,False,False,True,False,False,False,False,True,False,False,False,False,True,True,[],False,False,False,False,1,3041,160
natural52,M4,42,n00038,M10:medqa_00226,M10,single,full_native_key_maj5_absolute_majority_stop,majority_with_minority_votes,unknown_not_assessed,1,"[""C""]",False,"[""C"", ""B""]",4,0,C,C,True,True,True,False,False,True,False,False,True,False,False,False,False,True,True,True,[],False,False,False,False,1,2630,83
natural52,M4,43,n00038,M10:medqa_00226,M10,single,full_native_key_maj5_absolute_majority_stop,majority_with_minority_votes,unknown_not_assessed,1,"[""C""]",False,"[""C"", ""B""]",4,0,C,B,True,True,True,False,False,False,False,True,False,False,False,True,False,True,True,True,[],False,False,False,False,1,2630,103
natural52,M4,44,n00038,M10:medqa_00226,M10,single,full_native_key_maj5_absolute_majority_stop,majority_with_minority_votes,unknown_not_assessed,1,"[""C""]",False,"[""C"", ""B""]",4,0,C,C,True,True,True,False,False,True,False,False,True,False,False,False,False,True,True,True,[],False,False,False,False,1,2630,74
natural52,M4,42,n00039,M22:medqa/1080,M22,robustness_single,full_native_key_maj5_absolute_majority_stop,majority_with_minority_votes,unknown_not_assessed,1,"[""C""]",False,"[""D"", ""B"", ""C"", ""A""]",5,0,D,C,False,False,True,True,False,True,True,False,False,False,False,False,False,True,True,True,"[""errors""]",True,False,False,False,1,8471,344
natural52,M4,43,n00039,M22:medqa/1080,M22,robustness_single,full_native_key_maj5_absolute_majority_stop,majority_with_minority_votes,unknown_not_assessed,1,"[""C""]",False,"[""D"", ""B"", ""C"", ""A""]",5,0,D,B,False,False,True,True,False,False,False,False,False,True,False,False,False,True,True,True,"[""errors""]",True,False,False,False,1,8471,191
natural52,M4,44,n00039,M22:medqa/1080,M22,robustness_single,full_native_key_maj5_absolute_majority_stop,majority_with_minority_votes,unknown_not_assessed,1,"[""C""]",False,"[""D"", ""B"", ""C"", ""A""]",5,0,D,C,False,False,True,True,False,True,True,False,False,False,False,False,False,True,True,True,"[""errors""]",True,False,False,False,1,8471,456
natural52,M4,42,n00042,M23:BioNLI:exact_context:431,M23,single,full_nli_equal_paths_native_completion,mapping_top1_disagreement,unknown_not_assessed,1,"[""positive""]",False,"[""positive"", ""negative""]",4,0,negative,negative,False,False,True,True,False,False,False,False,False,True,False,False,False,True,True,True,[],False,False,False,False,1,5611,247
natural52,M4,43,n00042,M23:BioNLI:exact_context:431,M23,single,full_nli_equal_paths_native_completion,mapping_top1_disagreement,unknown_not_assessed,1,"[""positive""]",False,"[""positive"", ""negative""]",4,0,negative,negative,False,False,True,True,False,False,False,False,False,True,False,False,False,True,True,True,[],False,False,False,False,1,5611,154
natural52,M4,44,n00042,M23:BioNLI:exact_context:431,M23,single,full_nli_equal_paths_native_completion,mapping_top1_disagreement,unknown_not_assessed,1,"[""positive""]",False,"[""positive"", ""negative""]",4,0,negative,negative,False,False,True,True,False,False,False,False,False,True,False,False,False,True,True,True,[],False,False,False,False,1,5611,118
natural52,M4,42,n00045,M11:122,M11,single,full_native_key_maj5_absolute_majority_stop,majority_with_minority_votes,unknown_not_assessed,1,"[""B""]",False,"[""B"", ""D""]",4,0,B,B,True,True,True,False,False,True,False,False,True,False,False,False,False,True,True,True,[],False,False,False,False,1,2182,100
natural52,M4,43,n00045,M11:122,M11,single,full_native_key_maj5_absolute_majority_stop,majority_with_minority_votes,unknown_not_assessed,1,"[""B""]",False,"[""B"", ""D""]",4,0,B,B,True,True,True,False,False,True,False,False,True,False,False,False,False,True,True,True,[],False,False,False,False,1,2182,71
natural52,M4,44,n00045,M11:122,M11,single,full_native_key_maj5_absolute_majority_stop,majority_with_minority_votes,unknown_not_assessed,1,"[""B""]",False,"[""B"", ""D""]",4,0,B,B,True,True,True,False,False,True,False,False,True,False,False,False,False,True,True,True,[],False,False,False,False,1,2182,33
natural52,M4,42,n00046,M22:medqa/1080,M22,robustness_single,full_native_key_maj5_absolute_majority_stop,majority_with_minority_votes,unknown_not_assessed,1,"[""C""]",False,"[""B"", ""C"", ""A""]",5,1,C,B,True,True,True,False,False,False,False,True,False,False,False,True,False,True,True,True,"[""errors""]",True,False,False,False,1,9020,320
natural52,M4,43,n00046,M22:medqa/1080,M22,robustness_single,full_native_key_maj5_absolute_majority_stop,majority_with_minority_votes,unknown_not_assessed,1,"[""C""]",False,"[""B"", ""C"", ""A""]",5,1,C,B,True,True,True,False,False,False,False,True,False,False,False,True,False,True,True,True,"[""errors""]",True,False,False,False,1,9020,161
natural52,M4,44,n00046,M22:medqa/1080,M22,robustness_single,full_native_key_maj5_absolute_majority_stop,majority_with_minority_votes,unknown_not_assessed,1,"[""C""]",False,"[""B"", ""C"", ""A""]",5,1,C,B,True,True,True,False,False,False,False,True,False,False,False,True,False,True,True,True,"[""errors""]",True,False,False,False,1,9020,211
natural52,M5,42,n00006,M22:pubmedqa/25725704,M22,robustness_single,full_native_key_maj5_absolute_majority_stop,majority_with_minority_votes,unknown_not_assessed,1,"[""A""]",False,"[""A"", ""C""]",4,0,C,C,False,False,True,True,False,False,False,False,False,True,False,False,False,True,True,True,"[""errors""]",True,True,False,True,1,8017,168
natural52,M5,43,n00006,M22:pubmedqa/25725704,M22,robustness_single,full_native_key_maj5_absolute_majority_stop,majority_with_minority_votes,unknown_not_assessed,1,"[""A""]",False,"[""A"", ""C""]",4,0,C,C,False,False,True,True,False,False,False,False,False,True,False,False,False,True,True,True,"[""errors""]",True,True,False,True,1,8017,99
natural52,M5,44,n00006,M22:pubmedqa/25725704,M22,robustness_single,full_native_key_maj5_absolute_majority_stop,majority_with_minority_votes,unknown_not_assessed,1,"[""A""]",False,"[""A"", ""C""]",4,0,C,C,False,False,True,True,False,False,False,False,False,True,False,False,False,True,True,True,"[""errors""]",True,True,False,True,1,8017,207
natural52,M5,42,n00007,M10:medqa_01062,M10,single,full_native_key_maj5_absolute_majority_stop,majority_with_minority_votes,unknown_not_assessed,1,"[""A""]",False,"[""D"", ""A""]",4,0,D,C,False,False,True,True,False,False,False,False,False,True,False,False,False,True,False,True,[],False,False,False,False,1,2604,242
natural52,M5,43,n00007,M10:medqa_01062,M10,single,full_native_key_maj5_absolute_majority_stop,majority_with_minority_votes,unknown_not_assessed,1,"[""A""]",False,"[""D"", ""A""]",4,0,D,C,False,False,True,True,False,False,False,False,False,True,False,False,False,True,False,True,[],False,False,False,False,1,2604,118
natural52,M5,44,n00007,M10:medqa_01062,M10,single,full_native_key_maj5_absolute_majority_stop,majority_with_minority_votes,unknown_not_assessed,1,"[""A""]",False,"[""D"", ""A""]",4,0,D,C,False,False,True,True,False,False,False,False,False,True,False,False,False,True,False,True,[],False,False,False,False,1,2604,181
natural52,M5,42,n00008,M22:pubmedqa/25725704,M22,robustness_single,full_native_key_maj5_absolute_majority_stop,majority_with_minority_votes,unknown_not_assessed,1,"[""A""]",False,"[""C"", ""A""]",4,0,C,C,False,False,True,True,False,False,False,False,False,True,False,False,False,True,True,True,"[""errors""]",True,False,False,False,1,8372,175
natural52,M5,43,n00008,M22:pubmedqa/25725704,M22,robustness_single,full_native_key_maj5_absolute_majority_stop,majority_with_minority_votes,unknown_not_assessed,1,"[""A""]",False,"[""C"", ""A""]",4,0,C,C,False,False,True,True,False,False,False,False,False,True,False,False,False,True,True,True,"[""errors""]",True,False,False,False,1,8372,138
natural52,M5,44,n00008,M22:pubmedqa/25725704,M22,robustness_single,full_native_key_maj5_absolute_majority_stop,majority_with_minority_votes,unknown_not_assessed,1,"[""A""]",False,"[""C"", ""A""]",4,0,C,C,False,False,True,True,False,False,False,False,False,True,False,False,False,True,True,True,"[""errors""]",True,False,False,False,1,8372,142
natural52,M5,42,n00009,M22:medqa/1080,M22,robustness_single,full_native_key_maj5_absolute_majority_stop,majority_with_minority_votes,unknown_not_assessed,1,"[""C""]",False,"[""C"", ""D""]",4,0,D,D,False,False,True,True,False,False,False,False,False,True,False,False,False,True,True,True,"[""errors""]",True,False,False,False,1,8375,150
natural52,M5,43,n00009,M22:medqa/1080,M22,robustness_single,full_native_key_maj5_absolute_majority_stop,majority_with_minority_votes,unknown_not_assessed,1,"[""C""]",False,"[""C"", ""D""]",4,0,D,D,False,False,True,True,False,False,False,False,False,True,False,False,False,True,True,True,"[""errors""]",True,False,False,False,1,8375,189
natural52,M5,44,n00009,M22:medqa/1080,M22,robustness_single,full_native_key_maj5_absolute_majority_stop,majority_with_minority_votes,unknown_not_assessed,1,"[""C""]",False,"[""C"", ""D""]",4,0,D,D,False,False,True,True,False,False,False,False,False,True,False,False,False,True,True,True,"[""errors""]",True,False,False,False,1,8375,229
natural52,M5,42,n00010,M12:723,M12,single,full_native_key_maj5_absolute_majority_stop,majority_with_minority_votes,unknown_not_assessed,1,"[""C""]",False,"[""D"", ""C""]",4,0,D,C,False,False,True,True,False,True,True,False,False,False,False,False,False,True,True,True,[],False,False,False,False,1,2785,104
natural52,M5,43,n00010,M12:723,M12,single,full_native_key_maj5_absolute_majority_stop,majority_with_minority_votes,unknown_not_assessed,1,"[""C""]",False,"[""D"", ""C""]",4,0,D,C,False,False,True,True,False,True,True,False,False,False,False,False,False,True,True,True,[],False,False,False,False,1,2785,157
natural52,M5,44,n00010,M12:723,M12,single,full_native_key_maj5_absolute_majority_stop,majority_with_minority_votes,unknown_not_assessed,1,"[""C""]",False,"[""D"", ""C""]",4,0,D,C,False,False,True,True,False,True,True,False,False,False,False,False,False,True,True,True,[],False,False,False,False,1,2785,81
natural52,M5,42,n00014,M11:122,M11,single,full_native_key_maj5_absolute_majority_stop,majority_with_minority_votes,unknown_not_assessed,1,"[""B""]",False,"[""B"", ""D""]",4,0,B,B,True,True,True,False,False,True,False,False,True,False,False,False,False,True,True,True,[],False,False,False,False,1,2634,71
natural52,M5,43,n00014,M11:122,M11,single,full_native_key_maj5_absolute_majority_stop,majority_with_minority_votes,unknown_not_assessed,1,"[""B""]",False,"[""B"", ""D""]",4,0,B,D,True,True,True,False,False,False,False,True,False,False,False,True,False,True,True,True,[],False,False,False,False,1,2634,58
natural52,M5,44,n00014,M11:122,M11,single,full_native_key_maj5_absolute_majority_stop,majority_with_minority_votes,unknown_not_assessed,1,"[""B""]",False,"[""B"", ""D""]",4,0,B,D,True,True,True,False,False,False,False,True,False,False,False,True,False,True,True,True,[],False,False,False,False,1,2634,87
natural52,M5,42,n00017,M22:medqa/1080,M22,robustness_single,full_native_key_maj5_absolute_majority_stop,majority_with_minority_votes,unknown_not_assessed,1,"[""C""]",False,"[""C"", ""D""]",4,0,C,D,True,True,True,False,False,False,False,True,False,False,False,True,False,True,True,True,"[""errors""]",True,False,False,False,1,9537,230
natural52,M5,43,n00017,M22:medqa/1080,M22,robustness_single,full_native_key_maj5_absolute_majority_stop,majority_with_minority_votes,unknown_not_assessed,1,"[""C""]",False,"[""C"", ""D""]",4,0,C,D,True,True,True,False,False,False,False,True,False,False,False,True,False,True,True,True,"[""errors""]",True,False,False,False,1,9537,170
natural52,M5,44,n00017,M22:medqa/1080,M22,robustness_single,full_native_key_maj5_absolute_majority_stop,majority_with_minority_votes,unknown_not_assessed,1,"[""C""]",False,"[""C"", ""D""]",4,0,C,D,True,True,True,False,False,False,False,True,False,False,False,True,False,True,True,True,"[""errors""]",True,False,False,False,1,9537,244
natural52,M5,42,n00023,M12:596,M12,single,full_native_key_maj5_absolute_majority_stop,majority_with_minority_votes,unknown_not_assessed,1,"[""B""]",False,"[""C"", ""B""]",4,0,B,B,True,True,True,False,False,True,False,False,True,False,False,False,False,True,True,True,[],False,False,False,False,1,2294,101
natural52,M5,43,n00023,M12:596,M12,single,full_native_key_maj5_absolute_majority_stop,majority_with_minority_votes,unknown_not_assessed,1,"[""B""]",False,"[""C"", ""B""]",4,0,B,C,True,True,True,False,False,False,False,True,False,False,False,True,False,True,True,True,[],False,False,False,False,1,2294,180
natural52,M5,44,n00023,M12:596,M12,single,full_native_key_maj5_absolute_majority_stop,majority_with_minority_votes,unknown_not_assessed,1,"[""B""]",False,"[""C"", ""B""]",4,0,B,B,True,True,True,False,False,True,False,False,True,False,False,False,False,True,True,True,[],False,False,False,False,1,2294,92
natural52,M5,42,n00028,M20:56,M20,relation,full_native_key_maj5_absolute_majority_stop,majority_with_minority_votes,unknown_not_assessed,1,"[""lower""]",False,"[""higher"", ""uncertainty""]",5,0,uncertainty,higher,False,False,False,False,True,False,False,False,False,True,False,False,False,False,True,True,[],False,False,False,False,1,4861,48
natural52,M5,43,n00028,M20:56,M20,relation,full_native_key_maj5_absolute_majority_stop,majority_with_minority_votes,unknown_not_assessed,1,"[""lower""]",False,"[""higher"", ""uncertainty""]",5,0,uncertainty,higher,False,False,False,False,True,False,False,False,False,True,False,False,False,False,True,True,[],False,False,False,False,1,4861,75
natural52,M5,44,n00028,M20:56,M20,relation,full_native_key_maj5_absolute_majority_stop,majority_with_minority_votes,unknown_not_assessed,1,"[""lower""]",False,"[""higher"", ""uncertainty""]",5,0,uncertainty,higher,False,False,False,False,True,False,False,False,False,True,False,False,False,False,True,True,[],False,False,False,False,1,4861,51
natural52,M5,42,n00032,M17:usmle_derm_1919,M17,single,full_native_key_maj5_absolute_majority_stop,majority_with_minority_votes,unknown_not_assessed,1,"[""yes""]",False,"[""no"", ""yes""]",4,0,yes,yes,True,True,True,False,False,True,False,False,True,False,False,False,False,True,True,True,[],False,False,False,False,1,2251,82
natural52,M5,43,n00032,M17:usmle_derm_1919,M17,single,full_native_key_maj5_absolute_majority_stop,majority_with_minority_votes,unknown_not_assessed,1,"[""yes""]",False,"[""no"", ""yes""]",4,0,yes,yes,True,True,True,False,False,True,False,False,True,False,False,False,False,True,True,True,[],False,False,False,False,1,2251,64
natural52,M5,44,n00032,M17:usmle_derm_1919,M17,single,full_native_key_maj5_absolute_majority_stop,majority_with_minority_votes,unknown_not_assessed,1,"[""yes""]",False,"[""no"", ""yes""]",4,0,yes,yes,True,True,True,False,False,True,False,False,True,False,False,False,False,True,True,True,[],False,False,False,False,1,2251,64
natural52,M5,42,n00034,M23:BioNLI:exact_context:3284,M23,single,full_nli_equal_paths_native_completion,direct_reasoned_mean_disagreement,unknown_not_assessed,1,"[""negative""]",False,"[""positive"", ""negative""]",4,0,negative,positive,True,True,True,False,False,False,False,True,False,False,False,True,False,True,True,True,[],False,False,False,False,1,5178,125
natural52,M5,43,n00034,M23:BioNLI:exact_context:3284,M23,single,full_nli_equal_paths_native_completion,direct_reasoned_mean_disagreement,unknown_not_assessed,1,"[""negative""]",False,"[""positive"", ""negative""]",4,0,negative,positive,True,True,True,False,False,False,False,True,False,False,False,True,False,True,True,True,[],False,False,False,False,1,5178,112
natural52,M5,44,n00034,M23:BioNLI:exact_context:3284,M23,single,full_nli_equal_paths_native_completion,direct_reasoned_mean_disagreement,unknown_not_assessed,1,"[""negative""]",False,"[""positive"", ""negative""]",4,0,negative,positive,True,True,True,False,False,False,False,True,False,False,False,True,False,True,True,True,[],False,False,False,False,1,5178,103
natural52,M5,42,n00035,M17:askdocs_17,M17,single,full_native_key_maj5_absolute_majority_stop,majority_with_minority_votes,unknown_not_assessed,1,"[""yes""]",False,"[""yes"", ""no""]",5,0,yes,no,True,True,True,False,False,False,False,True,False,False,False,True,False,True,True,True,[],False,False,False,False,1,2538,116
natural52,M5,43,n00035,M17:askdocs_17,M17,single,full_native_key_maj5_absolute_majority_stop,majority_with_minority_votes,unknown_not_assessed,1,"[""yes""]",False,"[""yes"", ""no""]",5,0,yes,no,True,True,True,False,False,False,False,True,False,False,False,True,False,True,True,True,[],False,False,False,False,1,2538,149
natural52,M5,44,n00035,M17:askdocs_17,M17,single,full_native_key_maj5_absolute_majority_stop,majority_with_minority_votes,unknown_not_assessed,1,"[""yes""]",False,"[""yes"", ""no""]",5,0,yes,no,True,True,True,False,False,False,False,True,False,False,False,True,False,True,True,True,[],False,False,False,False,1,2538,127
natural52,M5,42,n00038,M10:medqa_00226,M10,single,full_native_key_maj5_absolute_majority_stop,majority_with_minority_votes,unknown_not_assessed,1,"[""C""]",False,"[""B"", ""C""]",4,0,B,C,False,False,True,True,False,True,True,False,False,False,False,False,False,True,True,True,[],False,False,False,False,1,2371,131
natural52,M5,43,n00038,M10:medqa_00226,M10,single,full_native_key_maj5_absolute_majority_stop,majority_with_minority_votes,unknown_not_assessed,1,"[""C""]",False,"[""B"", ""C""]",4,0,B,C,False,False,True,True,False,True,True,False,False,False,False,False,False,True,True,True,[],False,False,False,False,1,2371,116
natural52,M5,44,n00038,M10:medqa_00226,M10,single,full_native_key_maj5_absolute_majority_stop,majority_with_minority_votes,unknown_not_assessed,1,"[""C""]",False,"[""B"", ""C""]",4,0,B,C,False,False,True,True,False,True,True,False,False,False,False,False,False,True,True,True,[],False,False,False,False,1,2371,124
natural52,M5,42,n00039,M22:medqa/1080,M22,robustness_single,full_native_key_maj5_absolute_majority_stop,majority_with_minority_votes,unknown_not_assessed,1,"[""C""]",False,"[""D"", ""C""]",4,0,D,D,False,False,True,True,False,False,False,False,False,True,False,False,False,True,True,True,"[""errors""]",True,False,False,False,1,8257,209
natural52,M5,43,n00039,M22:medqa/1080,M22,robustness_single,full_native_key_maj5_absolute_majority_stop,majority_with_minority_votes,unknown_not_assessed,1,"[""C""]",False,"[""D"", ""C""]",4,0,D,D,False,False,True,True,False,False,False,False,False,True,False,False,False,True,True,True,"[""errors""]",True,False,False,False,1,8257,182
natural52,M5,44,n00039,M22:medqa/1080,M22,robustness_single,full_native_key_maj5_absolute_majority_stop,majority_with_minority_votes,unknown_not_assessed,1,"[""C""]",False,"[""D"", ""C""]",4,0,D,D,False,False,True,True,False,False,False,False,False,True,False,False,False,True,True,True,"[""errors""]",True,False,False,False,1,8257,221
natural52,M5,42,n00044,M22:pubmedqa/25725704,M22,robustness_single,full_native_key_maj5_absolute_majority_stop,majority_with_minority_votes,unknown_not_assessed,1,"[""A""]",False,"[""C"", ""A""]",4,0,C,C,False,False,True,True,False,False,False,False,False,True,False,False,False,True,True,True,"[""errors""]",True,False,False,False,1,7773,144
natural52,M5,43,n00044,M22:pubmedqa/25725704,M22,robustness_single,full_native_key_maj5_absolute_majority_stop,majority_with_minority_votes,unknown_not_assessed,1,"[""A""]",False,"[""C"", ""A""]",4,0,C,C,False,False,True,True,False,False,False,False,False,True,False,False,False,True,True,True,"[""errors""]",True,False,False,False,1,7773,142
natural52,M5,44,n00044,M22:pubmedqa/25725704,M22,robustness_single,full_native_key_maj5_absolute_majority_stop,majority_with_minority_votes,unknown_not_assessed,1,"[""A""]",False,"[""C"", ""A""]",4,0,C,C,False,False,True,True,False,False,False,False,False,True,False,False,False,True,True,True,"[""errors""]",True,False,False,False,1,7773,106
natural52,M5,42,n00046,M22:medqa/1080,M22,robustness_single,full_native_key_maj5_absolute_majority_stop,majority_with_minority_votes,unknown_not_assessed,1,"[""C""]",False,"[""D"", ""B""]",4,0,B,D,False,False,False,False,True,False,False,False,False,True,False,False,False,False,True,True,"[""errors""]",True,False,False,False,1,8816,169
natural52,M5,43,n00046,M22:medqa/1080,M22,robustness_single,full_native_key_maj5_absolute_majority_stop,majority_with_minority_votes,unknown_not_assessed,1,"[""C""]",False,"[""D"", ""B""]",4,0,B,D,False,False,False,False,True,False,False,False,False,True,False,False,False,False,True,True,"[""errors""]",True,False,False,False,1,8816,235
natural52,M5,44,n00046,M22:medqa/1080,M22,robustness_single,full_native_key_maj5_absolute_majority_stop,majority_with_minority_votes,unknown_not_assessed,1,"[""C""]",False,"[""D"", ""B""]",4,0,B,D,False,False,False,False,True,False,False,False,False,True,False,False,False,False,True,True,"[""errors""]",True,False,False,False,1,8816,193
